{
  "ItemType": 9,
  "Id": 19,
  "SatelliteId": 14,
  "DifficultyClass": 1,
  "Components": [
    {
      "ComponentId": 133,
      "X": 1,
      "Y": 1,
      "KeyBinding": 2
    },
    {
      "ComponentId": 133,
      "X": 1,
      "Y": 2,
      "KeyBinding": 2
    },
    {
      "ComponentId": 78,
      "X": 3,
      "Y": 1,
      "BarrelId": -1
    },
    {
      "ComponentId": 78,
      "Y": 1,
      "BarrelId": -1
    },
    {
      "ComponentId": 67,
      "X": 3,
      "Y": 2,
      "BarrelId": -1
    },
    {
      "ComponentId": 67,
      "Y": 2,
      "BarrelId": -1
    }
  ]
}