{
  "ItemType": 25,
  "Id": 110,
  "Body": {
    "Size": 0.5,
    "Velocity": 10.0,
    "Range": 10.0,
    "Weight": 0.2,
    "BulletPrefab": 8,
    "CanBeDisarmed": true
  },
  "Triggers": [
    {
      "Condition": 2,
      "EffectType": 1,
      "VisualEffect": 1,
      "ColorMode": 2
    },
    {
      "Condition": 2,
      "EffectType": 2,
      "AudioClip": "shot_13",
      "Ammunition": 109,
      "ColorMode": 2,
      "Quantity": 1,
      "RandomFactor": 1.0
    }
  ],
  "ImpactType": 1,
  "Effects": []
}