{
  "ItemType": 15,
  "Id": 20,
  "Name": "$Mission_DestroyPirates",
  "StartCondition": 3,
  "Weight": 1.0,
  "Nodes": [
    {
      "Id": 1,
      "Type": 10,
      "Message": "$Mission_DestroyPirates_Intro",
      "Character": 3,
      "Actions": [
        {
          "TargetNode": 2,
          "ButtonText": "$Continue"
        }
      ]
    },
    {
      "Id": 2,
      "Type": 15,
      "Transitions": [
        {
          "TargetNode": 3,
          "Requirement": {
            "Type": 7,
            "MinValue": 3,
            "MaxValue": 4
          }
        }
      ]
    },
    {
      "Id": 3,
      "Type": 10,
      "Message": "$Mission_DestroyPirates_Attack",
      "Character": 3,
      "Actions": [
        {
          "TargetNode": 4,
          "ButtonText": "$Continue"
        }
      ]
    },
    {
      "Id": 4,
      "Type": 20,
      "DefaultTransition": 11,
      "FailureTransition": 6,
      "Enemy": 3
    },
    {
      "Id": 11,
      "Type": 15,
      "Transitions": [
        {
          "TargetNode": 5,
          "Requirement": {
            "Type": 30
          }
        }
      ]
    },
    {
      "Id": 5,
      "Type": 10,
      "Message": "$Mission_DestroyPirates_Completed",
      "Character": 3,
      "Actions": [
        {
          "TargetNode": 7,
          "ButtonText": "$Continue"
        }
      ]
    },
    {
      "Id": 6,
      "Type": 10,
      "Message": "$Mission_DestroyPirates_Failed",
      "Character": 3,
      "Actions": [
        {
          "TargetNode": 8,
          "ButtonText": "$Continue"
        }
      ]
    },
    {
      "Id": 7,
      "Type": 56,
      "DefaultTransition": 9,
      "Value": 5
    },
    {
      "Id": 8,
      "Type": 56,
      "DefaultTransition": 10,
      "Value": -2
    },
    {
      "Id": 9,
      "Type": 40
    },
    {
      "Id": 10,
      "Type": 41
    }
  ]
}