{
  "ItemType": 9,
  "Id": 3,
  "SatelliteId": 3,
  "DifficultyClass": 1,
  "Components": [
    {
      "ComponentId": 72,
      "BarrelId": -1
    },
    {
      "ComponentId": 72,
      "Y": 1,
      "BarrelId": -1
    },
    {
      "ComponentId": 72,
      "X": 2,
      "BarrelId": -1
    },
    {
      "ComponentId": 72,
      "X": 2,
      "Y": 1,
      "BarrelId": -1
    },
    {
      "ComponentId": 78,
      "X": 1,
      "Y": 1,
      "BarrelId": -1
    },
    {
      "ComponentId": 69,
      "X": 1,
      "BarrelId": -1
    }
  ]
}