{
  "ItemType": 9,
  "Id": 5,
  "SatelliteId": 4,
  "DifficultyClass": 2,
  "Components": [
    {
      "ComponentId": 107,
      "X": 2,
      "KeyBinding": 1
    },
    {
      "ComponentId": 91,
      "X": 2,
      "Y": 3
    },
    {
      "ComponentId": 78,
      "X": 2,
      "Y": 4,
      "BarrelId": -1
    },
    {
      "ComponentId": 78,
      "X": 3,
      "Y": 4,
      "BarrelId": -1
    },
    {
      "ComponentId": 67,
      "X": 3,
      "Y": 3
    },
    {
      "ComponentId": 67,
      "X": 1,
      "Y": 3,
      "BarrelId": -1
    },
    {
      "ComponentId": 67,
      "X": 4,
      "Y": 3,
      "BarrelId": -1
    },
    {
      "ComponentId": 67,
      "X": 4,
      "Y": 2,
      "BarrelId": -1
    },
    {
      "ComponentId": 67,
      "X": 1,
      "Y": 2,
      "BarrelId": -1
    },
    {
      "ComponentId": 67,
      "X": 4,
      "Y": 4,
      "BarrelId": -1
    },
    {
      "ComponentId": 67,
      "X": 5,
      "Y": 3,
      "BarrelId": -1
    },
    {
      "ComponentId": 67,
      "X": 3,
      "Y": 5,
      "BarrelId": -1
    },
    {
      "ComponentId": 67,
      "X": 2,
      "Y": 5,
      "BarrelId": -1
    },
    {
      "ComponentId": 67,
      "X": 1,
      "Y": 4,
      "BarrelId": -1
    },
    {
      "ComponentId": 67,
      "Y": 3,
      "BarrelId": -1
    }
  ]
}