{
  "ItemType": 9,
  "Id": 6,
  "SatelliteId": 4,
  "DifficultyClass": 1,
  "Components": [
    {
      "ComponentId": 78,
      "Locked": true,
      "X": 2,
      "Y": 4,
      "BarrelId": -1
    },
    {
      "ComponentId": 78,
      "Locked": true,
      "X": 3,
      "Y": 4,
      "BarrelId": -1
    },
    {
      "ComponentId": 67,
      "Locked": true,
      "X": 1,
      "Y": 3,
      "BarrelId": -1
    },
    {
      "ComponentId": 67,
      "Locked": true,
      "X": 4,
      "Y": 3,
      "BarrelId": -1
    },
    {
      "ComponentId": 67,
      "Locked": true,
      "X": 4,
      "Y": 2,
      "BarrelId": -1
    },
    {
      "ComponentId": 67,
      "Locked": true,
      "X": 1,
      "Y": 2,
      "BarrelId": -1
    },
    {
      "ComponentId": 67,
      "Locked": true,
      "X": 4,
      "Y": 4,
      "BarrelId": -1
    },
    {
      "ComponentId": 67,
      "Locked": true,
      "X": 5,
      "Y": 3,
      "BarrelId": -1
    },
    {
      "ComponentId": 67,
      "Locked": true,
      "X": 3,
      "Y": 5,
      "BarrelId": -1
    },
    {
      "ComponentId": 67,
      "Locked": true,
      "X": 2,
      "Y": 5,
      "BarrelId": -1
    },
    {
      "ComponentId": 67,
      "Locked": true,
      "X": 1,
      "Y": 4,
      "BarrelId": -1
    },
    {
      "ComponentId": 67,
      "Locked": true,
      "Y": 3,
      "BarrelId": -1
    },
    {
      "ComponentId": 97,
      "Locked": true,
      "X": 2,
      "Y": 2,
      "KeyBinding": 1
    },
    {
      "ComponentId": 97,
      "Locked": true,
      "X": 2,
      "KeyBinding": 1
    },
    {
      "ComponentId": 97,
      "Locked": true,
      "X": 3,
      "KeyBinding": 1
    },
    {
      "ComponentId": 97,
      "Locked": true,
      "X": 3,
      "Y": 2,
      "KeyBinding": 1
    }
  ]
}