{
  "ItemType": 9,
  "Id": 9,
  "SatelliteId": 7,
  "DifficultyClass": 1,
  "Components": [
    {
      "ComponentId": 78,
      "X": 4,
      "Y": 2,
      "BarrelId": -1
    },
    {
      "ComponentId": 78,
      "X": 4,
      "Y": 3,
      "BarrelId": -1
    },
    {
      "ComponentId": 78,
      "X": 1,
      "Y": 2,
      "BarrelId": -1
    },
    {
      "ComponentId": 78,
      "X": 1,
      "Y": 3,
      "BarrelId": -1
    },
    {
      "ComponentId": 67,
      "X": 4,
      "Y": 1,
      "BarrelId": -1
    },
    {
      "ComponentId": 67,
      "X": 5,
      "Y": 2,
      "BarrelId": -1
    },
    {
      "ComponentId": 67,
      "X": 5,
      "Y": 3,
      "BarrelId": -1
    },
    {
      "ComponentId": 67,
      "X": 4,
      "Y": 4,
      "BarrelId": -1
    },
    {
      "ComponentId": 67,
      "X": 2,
      "Y": 4,
      "BarrelId": -1
    },
    {
      "ComponentId": 67,
      "X": 3,
      "Y": 4,
      "BarrelId": -1
    },
    {
      "ComponentId": 67,
      "X": 1,
      "Y": 4,
      "BarrelId": -1
    },
    {
      "ComponentId": 67,
      "Y": 3,
      "BarrelId": -1
    },
    {
      "ComponentId": 67,
      "Y": 2,
      "BarrelId": -1
    },
    {
      "ComponentId": 67,
      "X": 1,
      "Y": 1,
      "BarrelId": -1
    },
    {
      "ComponentId": 121,
      "X": 2,
      "Y": 1,
      "KeyBinding": 4
    },
    {
      "ComponentId": 67,
      "X": 3,
      "Y": 3
    },
    {
      "ComponentId": 67,
      "X": 2,
      "Y": 3
    }
  ]
}