{
  "ItemType": 9,
  "Id": 11,
  "SatelliteId": 8,
  "DifficultyClass": 1,
  "Components": [
    {
      "ComponentId": 123,
      "X": 2,
      "Y": 1,
      "KeyBinding": 2
    },
    {
      "ComponentId": 78,
      "X": 1,
      "Y": 2,
      "BarrelId": -1
    },
    {
      "ComponentId": 78,
      "X": 3,
      "Y": 2,
      "BarrelId": -1
    },
    {
      "ComponentId": 78,
      "X": 3,
      "Y": 1,
      "BarrelId": -1
    },
    {
      "ComponentId": 78,
      "X": 1,
      "Y": 1,
      "BarrelId": -1
    },
    {
      "ComponentId": 67,
      "X": 4,
      "Y": 1,
      "BarrelId": -1
    },
    {
      "ComponentId": 67,
      "X": 4,
      "Y": 2,
      "BarrelId": -1
    },
    {
      "ComponentId": 67,
      "X": 3,
      "Y": 3,
      "BarrelId": -1
    },
    {
      "ComponentId": 67,
      "X": 2,
      "Y": 3,
      "BarrelId": -1
    },
    {
      "ComponentId": 67,
      "X": 1,
      "Y": 3,
      "BarrelId": -1
    },
    {
      "ComponentId": 67,
      "Y": 2,
      "BarrelId": -1
    },
    {
      "ComponentId": 67,
      "Y": 1,
      "BarrelId": -1
    }
  ]
}