{
  "ItemType": 9,
  "Id": 22,
  "SatelliteId": 16,
  "DifficultyClass": 1,
  "Components": [
    {
      "ComponentId": 91,
      "X": 2,
      "Y": 3,
      "KeyBinding": -1
    },
    {
      "ComponentId": 67,
      "X": 3,
      "Y": 3,
      "KeyBinding": -1
    },
    {
      "ComponentId": 93,
      "X": 2,
      "KeyBinding": 2
    },
    {
      "ComponentId": 78,
      "X": 4,
      "Y": 4,
      "BarrelId": -1,
      "KeyBinding": -1
    },
    {
      "ComponentId": 78,
      "X": 1,
      "Y": 4,
      "BarrelId": -1,
      "KeyBinding": -1
    },
    {
      "ComponentId": 69,
      "X": 3,
      "Y": 4,
      "BarrelId": -1,
      "KeyBinding": -1
    },
    {
      "ComponentId": 69,
      "X": 2,
      "Y": 4,
      "BarrelId": -1,
      "KeyBinding": -1
    },
    {
      "ComponentId": 67,
      "X": 4,
      "Y": 3,
      "BarrelId": -1,
      "KeyBinding": -1
    },
    {
      "ComponentId": 67,
      "X": 5,
      "Y": 4,
      "BarrelId": -1,
      "KeyBinding": -1
    },
    {
      "ComponentId": 67,
      "X": 4,
      "Y": 5,
      "BarrelId": -1,
      "KeyBinding": -1
    },
    {
      "ComponentId": 67,
      "X": 3,
      "Y": 5,
      "BarrelId": -1,
      "KeyBinding": -1
    },
    {
      "ComponentId": 67,
      "X": 2,
      "Y": 5,
      "BarrelId": -1,
      "KeyBinding": -1
    },
    {
      "ComponentId": 67,
      "X": 1,
      "Y": 3,
      "BarrelId": -1,
      "KeyBinding": -1
    },
    {
      "ComponentId": 67,
      "X": 1,
      "Y": 5,
      "BarrelId": -1,
      "KeyBinding": -1
    },
    {
      "ComponentId": 67,
      "Y": 4,
      "BarrelId": -1,
      "KeyBinding": -1
    }
  ]
}