{
  "ItemType": 9,
  "Id": 23,
  "SatelliteId": 17,
  "DifficultyClass": 1,
  "Components": [
    {
      "ComponentId": 146,
      "X": 1,
      "KeyBinding": 2
    },
    {
      "ComponentId": 78,
      "X": 1,
      "Y": 2,
      "BarrelId": -1,
      "KeyBinding": -1
    },
    {
      "ComponentId": 78,
      "X": 2,
      "Y": 2,
      "BarrelId": -1,
      "KeyBinding": -1
    },
    {
      "ComponentId": 67,
      "X": 3,
      "Y": 3,
      "BarrelId": -1,
      "KeyBinding": -1
    },
    {
      "ComponentId": 67,
      "X": 2,
      "Y": 3,
      "BarrelId": -1,
      "KeyBinding": -1
    },
    {
      "ComponentId": 67,
      "X": 1,
      "Y": 3,
      "BarrelId": -1,
      "KeyBinding": -1
    },
    {
      "ComponentId": 67,
      "Y": 3,
      "BarrelId": -1,
      "KeyBinding": -1
    }
  ]
}