{
  "ItemType": 9,
  "Id": 28,
  "SatelliteId": 21,
  "DifficultyClass": 1,
  "Components": [
    {
      "ComponentId": 78,
      "X": 1,
      "Y": 1,
      "BarrelId": -1,
      "KeyBinding": -1
    },
    {
      "ComponentId": 72,
      "X": 2,
      "Y": 2,
      "BarrelId": -1,
      "KeyBinding": -1
    },
    {
      "ComponentId": 72,
      "X": 2,
      "Y": 1,
      "BarrelId": -1,
      "KeyBinding": -1
    },
    {
      "ComponentId": 72,
      "X": 1,
      "BarrelId": -1,
      "KeyBinding": -1
    },
    {
      "ComponentId": 72,
      "Y": 1,
      "BarrelId": -1,
      "KeyBinding": -1
    },
    {
      "ComponentId": 72,
      "Y": 2,
      "BarrelId": -1,
      "KeyBinding": -1
    },
    {
      "ComponentId": 57,
      "X": 1,
      "Y": 2,
      "BarrelId": -1,
      "KeyBinding": -1
    }
  ]
}