{
  "ItemType": 6,
  "Id": 106,
  "Name": "$f13_Cruiser",
  "Faction": 13,
  "SizeClass": 2,
  "IconImage": "f13s2",
  "IconScale": 0.7,
  "ModelImage": "f13s2",
  "ModelScale": 1.6,
  "EngineColor": "#80FF8D00",
  "EnginePosition": {
    "x": -0.9
  },
  "EngineSize": 0.2,
  "EnergyResistance": 1.0,
  "BuiltinDevices": [],
  "Layout": "0000440440000000044044000000004404400000000440440000000001010000000000111000000000022200000010022222001001122222221100112222222110011255255211001005515500100000051500000",
  "Barrels": [
    {
      "Position": {
        "x": 1.0,
        "y": -0.15
      },
      "WeaponClass": "C"
    },
    {
      "Position": {
        "x": 1.0,
        "y": 0.15
      },
      "WeaponClass": "M"
    }
  ]
}