{
  "ItemType": 6,
  "Id": 19,
  "Name": "$f1_Destroyer",
  "Faction": 1,
  "SizeClass": 1,
  "IconImage": "f1s2",
  "IconScale": 0.7,
  "ModelImage": "f1s2",
  "ModelScale": 1.2,
  "EngineColor": "#40FFF096",
  "EnginePosition": {
    "x": -0.9
  },
  "EngineSize": 0.2,
  "BuiltinDevices": [],
  "Layout": "000040000000141000000343000000323000000222000403222304413222314411555114000555000",
  "Barrels": [
    {
      "Position": {
        "x": 1.0
      },
      "WeaponClass": "C"
    },
    {
      "Position": {
        "x": -0.2,
        "y": 0.85
      },
      "Rotation": -3.0,
      "WeaponClass": "L"
    },
    {
      "Position": {
        "x": -0.2,
        "y": -0.85
      },
      "Rotation": 3.0,
      "WeaponClass": "L"
    }
  ]
}