{
  "ItemType": 6,
  "Id": 39,
  "Name": "$f5_Scout",
  "Faction": 5,
  "IconImage": "f5s1",
  "IconScale": 0.4,
  "ModelImage": "f5s1",
  "ModelScale": 1.0,
  "EngineColor": "#40FFCC6F",
  "EnginePosition": {
    "x": -0.4
  },
  "EngineSize": 0.2,
  "BuiltinDevices": [],
  "Layout": "0000000004240011424111322231132523101555100000000",
  "Barrels": [
    {
      "Position": {
        "x": 0.5,
        "y": 0.7
      },
      "WeaponClass": "C"
    },
    {
      "Position": {
        "x": 0.5,
        "y": -0.7
      },
      "WeaponClass": "C"
    }
  ]
}