{
  "ItemType": 6,
  "Id": 41,
  "Name": "$f5_Destroyer",
  "Faction": 5,
  "SizeClass": 1,
  "IconImage": "f5s2",
  "IconScale": 0.6,
  "ModelImage": "f5s2",
  "ModelScale": 1.4,
  "EngineColor": "#40FFCC6F",
  "EnginePosition": {
    "x": -0.8
  },
  "EngineSize": 0.2,
  "BuiltinDevices": [],
  "Layout": "000111000001222100022000220022040220033040330033000330011222110005515500000505000",
  "Barrels": [
    {
      "Position": {
        "x": 0.1
      },
      "Offset": 0.5,
      "PlatformType": 1,
      "WeaponClass": "L"
    }
  ]
}