{
  "ItemType": 6,
  "Id": 45,
  "ShipCategory": 1,
  "Name": "$f6_Scout2",
  "Faction": 6,
  "IconImage": "f6s1_2",
  "IconScale": 0.7,
  "ModelImage": "f6s1_2",
  "ModelScale": 1.0,
  "EngineColor": "#10A0FFA0",
  "EnginePosition": {
    "x": -0.1
  },
  "EngineSize": 0.5,
  "Regeneration": true,
  "BuiltinDevices": [],
  "Layout": "000222000001222100001222100004525400004545400004040400004040400000040000000000000",
  "Barrels": [
    {
      "Position": {
        "x": -0.55,
        "y": -0.95
      },
      "Rotation": 230.0,
      "WeaponClass": "C"
    },
    {
      "Position": {
        "x": -0.55,
        "y": 0.95
      },
      "Rotation": 130.0,
      "WeaponClass": "C"
    },
    {
      "Position": {
        "x": -1.0
      },
      "Rotation": 180.0,
      "WeaponClass": "C"
    }
  ]
}