{
  "ItemType": 6,
  "Id": 46,
  "Name": "$f6_Destroyer",
  "Faction": 6,
  "SizeClass": 1,
  "IconImage": "f6s2",
  "IconScale": 0.7,
  "ModelImage": "f6s2",
  "ModelScale": 1.2,
  "EngineColor": "#40B86A39",
  "EnginePosition": {
    "x": -0.1
  },
  "EngineSize": 0.4,
  "Regeneration": true,
  "BuiltinDevices": [],
  "Layout": "0000111000000013223000001132221000011322210000044222000005442225000050040050000000400000000004000000000040000000000000000",
  "Barrels": [
    {
      "Position": {
        "x": -0.5
      },
      "Rotation": 180.0,
      "WeaponClass": "S"
    },
    {
      "Position": {
        "x": -1.0
      },
      "Rotation": 180.0,
      "WeaponClass": "C"
    }
  ]
}