{
  "ItemType": 6,
  "Id": 67,
  "ShipCategory": 1,
  "Name": "$fa_Scout2",
  "Faction": 9,
  "IconImage": "fas1_2",
  "IconScale": 0.7,
  "ModelImage": "fas1_2",
  "ModelScale": 1.3,
  "EngineColor": "#40FFFFFF",
  "EnginePosition": {
    "x": -0.9
  },
  "EngineSize": 0.2,
  "BuiltinDevices": [],
  "Layout": "0000444000000034443000000344430000003222300040032223004400022200044200020002442000200024032005002300032555230000035553000",
  "Barrels": [
    {
      "Position": {
        "x": 1.0
      },
      "WeaponClass": "S"
    },
    {
      "Position": {
        "x": 0.2,
        "y": 0.9
      },
      "Rotation": -3.0,
      "WeaponClass": "L"
    },
    {
      "Position": {
        "x": 0.2,
        "y": -0.9
      },
      "Rotation": 3.0,
      "WeaponClass": "L"
    }
  ]
}