{
  "ItemType": 6,
  "Id": 98,
  "ShipCategory": 3,
  "Name": "Invader",
  "IconImage": "space_invader",
  "IconScale": 0.5,
  "ModelImage": "space_invader",
  "ModelScale": 3.0,
  "EngineColor": "#40FFFFFF",
  "EnginePosition": {
    "x": -0.4
  },
  "EngineSize": 0.3,
  "BuiltinDevices": [],
  "Layout": "0000000000000000000000000400040001010000010110111111101111111111110113333311000533333500000500050000000000000000000000000",
  "Barrels": [
    {
      "Position": {
        "x": 0.5,
        "y": 0.9
      }
    },
    {
      "Position": {
        "x": 0.5,
        "y": -0.9
      }
    }
  ]
}