{
  "ItemType": 8,
  "Id": 186,
  "ShipId": 89,
  "BuildFaction": -1,
  "Components": [
    {
      "ComponentId": 78,
      "Locked": true,
      "X": 1,
      "Y": 1,
      "BarrelId": -1
    },
    {
      "ComponentId": 197,
      "Locked": true,
      "Y": 1,
      "BarrelId": -1,
      "KeyBinding": -1
    },
    {
      "ComponentId": 198,
      "Locked": true,
      "X": 1,
      "Y": 2,
      "BarrelId": -1,
      "KeyBinding": -1
    },
    {
      "ComponentId": 67,
      "Locked": true,
      "X": 2,
      "Y": 1,
      "BarrelId": -1,
      "KeyBinding": -1
    },
    {
      "ComponentId": 126,
      "Locked": true,
      "X": 1
    }
  ]
}