{
  "ItemType": 8,
  "Id": 188,
  "ShipId": 90,
  "BuildFaction": -1,
  "Components": [
    {
      "ComponentId": 135,
      "Locked": true,
      "X": 1
    },
    {
      "ComponentId": 78,
      "Locked": true,
      "X": 1,
      "Y": 1,
      "BarrelId": -1,
      "KeyBinding": -1
    },
    {
      "ComponentId": 197,
      "Locked": true,
      "Y": 1,
      "BarrelId": -1,
      "KeyBinding": -1
    },
    {
      "ComponentId": 67,
      "Locked": true,
      "X": 2,
      "Y": 1,
      "BarrelId": -1,
      "KeyBinding": -1
    },
    {
      "ComponentId": 198,
      "Locked": true,
      "X": 1,
      "Y": 2,
      "BarrelId": -1,
      "KeyBinding": -1
    }
  ]
}