{
  "ItemType": 8,
  "Id": 191,
  "ShipId": 93,
  "BuildFaction": -1,
  "Components": [
    {
      "ComponentId": 78,
      "Locked": true,
      "Y": 1,
      "BarrelId": -1
    },
    {
      "ComponentId": 100,
      "Locked": true,
      "X": 1
    },
    {
      "ComponentId": 196,
      "Locked": true,
      "Y": 2,
      "BarrelId": -1,
      "KeyBinding": -1
    },
    {
      "ComponentId": 67,
      "Locked": true,
      "X": 2,
      "Y": 1,
      "BarrelId": -1,
      "KeyBinding": -1
    },
    {
      "ComponentId": 67,
      "Locked": true,
      "X": 2,
      "Y": 2,
      "BarrelId": -1,
      "KeyBinding": -1
    },
    {
      "ComponentId": 197,
      "Locked": true,
      "X": 1,
      "Y": 2,
      "BarrelId": -1,
      "KeyBinding": -1
    }
  ]
}