{
  "ItemType": 8,
  "Id": 26,
  "ShipId": 9,
  "DifficultyClass": 1,
  "BuildFaction": -1,
  "Components": [
    {
      "ComponentId": 61,
      "Locked": true,
      "X": 6,
      "Y": 17,
      "BarrelId": -1,
      "KeyBinding": -1
    },
    {
      "ComponentId": 61,
      "Locked": true,
      "X": 12,
      "Y": 17,
      "BarrelId": -1,
      "KeyBinding": -1
    },
    {
      "ComponentId": 61,
      "Locked": true,
      "X": 9,
      "Y": 18,
      "BarrelId": -1,
      "KeyBinding": -1
    },
    {
      "ComponentId": 59,
      "Locked": true,
      "X": 12,
      "Y": 20,
      "BarrelId": -1,
      "KeyBinding": -1
    },
    {
      "ComponentId": 59,
      "Locked": true,
      "X": 7,
      "Y": 20,
      "BarrelId": -1,
      "KeyBinding": -1
    },
    {
      "ComponentId": 62,
      "Locked": true,
      "X": 15,
      "Y": 15,
      "BarrelId": -1,
      "KeyBinding": -1
    },
    {
      "ComponentId": 62,
      "Locked": true,
      "X": 3,
      "Y": 15,
      "BarrelId": -1,
      "KeyBinding": -1
    },
    {
      "ComponentId": 62,
      "Locked": true,
      "X": 3,
      "Y": 12,
      "BarrelId": -1,
      "KeyBinding": -1
    },
    {
      "ComponentId": 62,
      "Locked": true,
      "X": 15,
      "Y": 12,
      "BarrelId": -1,
      "KeyBinding": -1
    },
    {
      "ComponentId": 64,
      "Locked": true,
      "X": 15,
      "Y": 18,
      "BarrelId": -1,
      "KeyBinding": -1
    },
    {
      "ComponentId": 64,
      "Locked": true,
      "X": 5,
      "Y": 18,
      "BarrelId": -1,
      "KeyBinding": -1
    },
    {
      "ComponentId": 118,
      "Locked": true,
      "X": 8,
      "Y": 1
    },
    {
      "ComponentId": 26,
      "Locked": true,
      "X": 7,
      "Y": 14,
      "BarrelId": -1,
      "KeyBinding": 1
    },
    {
      "ComponentId": 70,
      "Locked": true,
      "X": 9,
      "Y": 15,
      "BarrelId": -1,
      "KeyBinding": -1
    },
    {
      "ComponentId": 79,
      "Locked": true,
      "X": 12,
      "Y": 15,
      "BarrelId": -1,
      "KeyBinding": 2
    },
    {
      "ComponentId": 74,
      "Locked": true,
      "X": 7,
      "Y": 5,
      "BarrelId": -1,
      "KeyBinding": -1
    },
    {
      "ComponentId": 74,
      "Locked": true,
      "X": 11,
      "Y": 5,
      "BarrelId": -1,
      "KeyBinding": -1
    },
    {
      "ComponentId": 74,
      "Locked": true,
      "X": 9,
      "Y": 6,
      "BarrelId": -1,
      "KeyBinding": -1
    },
    {
      "ComponentId": 74,
      "Locked": true,
      "X": 12,
      "Y": 7,
      "BarrelId": -1,
      "KeyBinding": -1
    },
    {
      "ComponentId": 74,
      "Locked": true,
      "X": 6,
      "Y": 7,
      "BarrelId": -1,
      "KeyBinding": -1
    },
    {
      "ComponentId": 62,
      "Locked": true,
      "X": 13,
      "Y": 2,
      "BarrelId": -1,
      "KeyBinding": -1
    },
    {
      "ComponentId": 62,
      "Locked": true,
      "X": 5,
      "Y": 2,
      "BarrelId": -1,
      "KeyBinding": -1
    },
    {
      "ComponentId": 64,
      "Locked": true,
      "X": 12,
      "Y": 4,
      "BarrelId": -1,
      "KeyBinding": -1
    },
    {
      "ComponentId": 64,
      "Locked": true,
      "X": 12,
      "Y": 3,
      "BarrelId": -1,
      "KeyBinding": -1
    },
    {
      "ComponentId": 64,
      "Locked": true,
      "X": 8,
      "Y": 4,
      "BarrelId": -1,
      "KeyBinding": -1
    },
    {
      "ComponentId": 64,
      "Locked": true,
      "X": 8,
      "Y": 3,
      "BarrelId": -1,
      "KeyBinding": -1
    },
    {
      "ComponentId": 74,
      "Locked": true,
      "X": 13,
      "Y": 9,
      "BarrelId": -1,
      "KeyBinding": -1
    },
    {
      "ComponentId": 74,
      "Locked": true,
      "X": 5,
      "Y": 9,
      "BarrelId": -1,
      "KeyBinding": -1
    },
    {
      "ComponentId": 30,
      "Locked": true,
      "X": 6,
      "Y": 16,
      "BarrelId": -1,
      "KeyBinding": -1
    },
    {
      "ComponentId": 64,
      "Locked": true,
      "X": 4,
      "Y": 18,
      "BarrelId": -1,
      "KeyBinding": -1
    },
    {
      "ComponentId": 64,
      "Locked": true,
      "X": 16,
      "Y": 18,
      "BarrelId": -1,
      "KeyBinding": -1
    }
  ]
}