{
  "ItemType": 8,
  "Id": 102,
  "ShipId": 13,
  "DifficultyClass": 1,
  "BuildFaction": -1,
  "Components": [
    {
      "ComponentId": 109,
      "Locked": true,
      "X": 5,
      "Y": 2,
      "BarrelId": 1
    },
    {
      "ComponentId": 109,
      "Locked": true,
      "X": 1,
      "Y": 2
    },
    {
      "ComponentId": 55,
      "Locked": true,
      "X": 3,
      "Y": 5,
      "BarrelId": -1
    },
    {
      "ComponentId": 56,
      "Locked": true,
      "X": 5,
      "Y": 5,
      "BarrelId": -1
    },
    {
      "ComponentId": 74,
      "Locked": true,
      "X": 3,
      "Y": 2,
      "BarrelId": -1
    },
    {
      "ComponentId": 69,
      "Locked": true,
      "X": 5,
      "Y": 4,
      "BarrelId": -1
    },
    {
      "ComponentId": 69,
      "Locked": true,
      "X": 3,
      "Y": 4,
      "BarrelId": -1
    },
    {
      "ComponentId": 69,
      "Locked": true,
      "X": 5,
      "Y": 2,
      "BarrelId": -1
    },
    {
      "ComponentId": 69,
      "Locked": true,
      "X": 3,
      "Y": 2,
      "BarrelId": -1
    },
    {
      "ComponentId": 54,
      "Locked": true,
      "X": 3,
      "Y": 1,
      "BarrelId": -1,
      "KeyBinding": 1
    },
    {
      "ComponentId": 69,
      "Locked": true,
      "X": 5,
      "Y": 1,
      "BarrelId": -1
    },
    {
      "ComponentId": 63,
      "Locked": true,
      "X": 7,
      "Y": 3,
      "BarrelId": -1
    },
    {
      "ComponentId": 63,
      "Locked": true,
      "Y": 3,
      "BarrelId": -1
    },
    {
      "ComponentId": 64,
      "Locked": true,
      "X": 7,
      "Y": 5,
      "BarrelId": -1
    },
    {
      "ComponentId": 64,
      "Locked": true,
      "X": 1,
      "Y": 5,
      "BarrelId": -1
    }
  ]
}