{
  "ItemType": 8,
  "Id": 36,
  "ShipId": 14,
  "BuildFaction": -1,
  "Components": [
    {
      "ComponentId": 134,
      "Locked": true,
      "X": 6,
      "Y": 2
    },
    {
      "ComponentId": 56,
      "Locked": true,
      "X": 8,
      "Y": 10,
      "BarrelId": -1
    },
    {
      "ComponentId": 56,
      "Locked": true,
      "X": 7,
      "Y": 9,
      "BarrelId": -1
    },
    {
      "ComponentId": 56,
      "Locked": true,
      "X": 6,
      "Y": 9,
      "BarrelId": -1
    },
    {
      "ComponentId": 56,
      "Locked": true,
      "X": 5,
      "Y": 10,
      "BarrelId": -1
    },
    {
      "ComponentId": 66,
      "Locked": true,
      "X": 3,
      "Y": 7,
      "BarrelId": -1
    },
    {
      "ComponentId": 66,
      "Locked": true,
      "X": 9,
      "Y": 7,
      "BarrelId": -1
    },
    {
      "ComponentId": 54,
      "Locked": true,
      "X": 6,
      "Y": 4,
      "BarrelId": -1,
      "KeyBinding": 1
    },
    {
      "ComponentId": 77,
      "Locked": true,
      "X": 5,
      "Y": 6,
      "BarrelId": -1
    },
    {
      "ComponentId": 77,
      "Locked": true,
      "X": 7,
      "Y": 6,
      "BarrelId": -1
    },
    {
      "ComponentId": 12,
      "Locked": true,
      "X": 9,
      "Y": 10,
      "BarrelId": -1
    },
    {
      "ComponentId": 12,
      "Locked": true,
      "X": 4,
      "Y": 10,
      "BarrelId": -1
    }
  ]
}