{
  "ItemType": 8,
  "Id": 37,
  "ShipId": 15,
  "BuildFaction": -1,
  "Components": [
    {
      "Locked": true,
      "X": 5,
      "Y": 9,
      "BarrelId": -1,
      "KeyBinding": 1
    },
    {
      "ComponentId": 121,
      "Locked": true,
      "X": 5
    },
    {
      "ComponentId": 78,
      "Locked": true,
      "X": 4,
      "Y": 8,
      "BarrelId": -1
    },
    {
      "ComponentId": 67,
      "Locked": true,
      "X": 5,
      "Y": 2
    },
    {
      "ComponentId": 67,
      "Locked": true,
      "X": 8,
      "Y": 8,
      "BarrelId": -1
    },
    {
      "ComponentId": 67,
      "Locked": true,
      "X": 8,
      "Y": 9,
      "BarrelId": -1
    },
    {
      "ComponentId": 67,
      "Locked": true,
      "X": 3,
      "Y": 8,
      "BarrelId": -1
    },
    {
      "ComponentId": 67,
      "Locked": true,
      "X": 3,
      "Y": 9,
      "BarrelId": -1
    },
    {
      "ComponentId": 67,
      "Locked": true,
      "X": 8,
      "Y": 7,
      "BarrelId": -1
    },
    {
      "ComponentId": 67,
      "Locked": true,
      "X": 3,
      "Y": 7,
      "BarrelId": -1
    },
    {
      "ComponentId": 78,
      "Locked": true,
      "X": 7,
      "Y": 8,
      "BarrelId": -1
    },
    {
      "ComponentId": 60,
      "Locked": true,
      "X": 6,
      "Y": 11,
      "BarrelId": -1
    },
    {
      "ComponentId": 12,
      "Locked": true,
      "X": 8,
      "Y": 11,
      "BarrelId": -1
    },
    {
      "ComponentId": 12,
      "Locked": true,
      "X": 3,
      "Y": 11,
      "BarrelId": -1
    },
    {
      "ComponentId": 12,
      "Locked": true,
      "X": 8,
      "Y": 10,
      "BarrelId": -1
    },
    {
      "ComponentId": 12,
      "Locked": true,
      "X": 3,
      "Y": 10,
      "BarrelId": -1
    },
    {
      "ComponentId": 58,
      "Locked": true,
      "X": 6,
      "Y": 9,
      "BarrelId": -1,
      "KeyBinding": -1
    },
    {
      "ComponentId": 60,
      "Locked": true,
      "X": 4,
      "Y": 10,
      "BarrelId": -1,
      "KeyBinding": -1
    },
    {
      "ComponentId": 60,
      "Locked": true,
      "X": 4,
      "Y": 9,
      "BarrelId": -1,
      "KeyBinding": -1
    },
    {
      "ComponentId": 67,
      "Locked": true,
      "X": 6,
      "Y": 2,
      "KeyBinding": -1
    },
    {
      "ComponentId": 78,
      "Locked": true,
      "X": 4,
      "Y": 6,
      "BarrelId": -1,
      "KeyBinding": -1
    },
    {
      "ComponentId": 78,
      "Locked": true,
      "X": 7,
      "Y": 6,
      "BarrelId": -1,
      "KeyBinding": -1
    },
    {
      "ComponentId": 77,
      "Locked": true,
      "X": 5,
      "Y": 6,
      "BarrelId": -1,
      "KeyBinding": -1
    }
  ]
}