{
  "ItemType": 8,
  "Id": 105,
  "ShipId": 16,
  "DifficultyClass": 1,
  "BuildFaction": -1,
  "Components": [
    {
      "ComponentId": 57,
      "Locked": true,
      "X": 7,
      "Y": 10,
      "BarrelId": -1
    },
    {
      "ComponentId": 57,
      "Locked": true,
      "X": 4,
      "Y": 10,
      "BarrelId": -1
    },
    {
      "ComponentId": 55,
      "Locked": true,
      "X": 5,
      "Y": 10,
      "BarrelId": -1
    },
    {
      "ComponentId": 59,
      "Locked": true,
      "X": 5,
      "Y": 9,
      "BarrelId": -1
    },
    {
      "ComponentId": 71,
      "Locked": true,
      "X": 7,
      "Y": 8,
      "BarrelId": -1
    },
    {
      "ComponentId": 69,
      "Locked": true,
      "X": 3,
      "Y": 9,
      "BarrelId": -1
    },
    {
      "ComponentId": 63,
      "Locked": true,
      "X": 10,
      "Y": 7,
      "BarrelId": -1
    },
    {
      "ComponentId": 63,
      "Locked": true,
      "X": 10,
      "Y": 5,
      "BarrelId": -1
    },
    {
      "ComponentId": 63,
      "Locked": true,
      "Y": 7,
      "BarrelId": -1
    },
    {
      "ComponentId": 63,
      "Locked": true,
      "Y": 5,
      "BarrelId": -1
    },
    {
      "ComponentId": 64,
      "Locked": true,
      "X": 1,
      "Y": 4,
      "BarrelId": -1
    },
    {
      "ComponentId": 64,
      "Locked": true,
      "X": 2,
      "Y": 4,
      "BarrelId": -1
    },
    {
      "ComponentId": 64,
      "Locked": true,
      "X": 2,
      "Y": 3,
      "BarrelId": -1
    },
    {
      "ComponentId": 64,
      "Locked": true,
      "X": 10,
      "Y": 4,
      "BarrelId": -1
    },
    {
      "ComponentId": 64,
      "Locked": true,
      "X": 9,
      "Y": 4,
      "BarrelId": -1
    },
    {
      "ComponentId": 64,
      "Locked": true,
      "X": 9,
      "Y": 3,
      "BarrelId": -1
    },
    {
      "ComponentId": 64,
      "Locked": true,
      "X": 9,
      "Y": 9,
      "BarrelId": -1
    },
    {
      "ComponentId": 64,
      "Locked": true,
      "X": 9,
      "Y": 8,
      "BarrelId": -1
    },
    {
      "ComponentId": 64,
      "Locked": true,
      "X": 2,
      "Y": 8,
      "BarrelId": -1
    },
    {
      "ComponentId": 64,
      "Locked": true,
      "X": 2,
      "Y": 9,
      "BarrelId": -1
    },
    {
      "ComponentId": 69,
      "Locked": true,
      "X": 6,
      "Y": 7,
      "BarrelId": -1
    },
    {
      "ComponentId": 69,
      "Locked": true,
      "X": 8,
      "Y": 7,
      "BarrelId": -1
    },
    {
      "ComponentId": 80,
      "Locked": true,
      "X": 6,
      "Y": 8,
      "BarrelId": -1,
      "KeyBinding": 2
    },
    {
      "ComponentId": 74,
      "Locked": true,
      "X": 3,
      "Y": 7,
      "BarrelId": -1,
      "KeyBinding": -1
    },
    {
      "ComponentId": 29,
      "Locked": true,
      "X": 3,
      "Y": 5,
      "BarrelId": -1,
      "KeyBinding": -1
    },
    {
      "ComponentId": 69,
      "Locked": true,
      "X": 4,
      "Y": 5,
      "BarrelId": -1,
      "KeyBinding": -1
    },
    {
      "ComponentId": 69,
      "Locked": true,
      "X": 6,
      "Y": 5,
      "BarrelId": -1,
      "KeyBinding": -1
    },
    {
      "ComponentId": 69,
      "Locked": true,
      "X": 8,
      "Y": 5,
      "BarrelId": -1,
      "KeyBinding": -1
    },
    {
      "ComponentId": 74,
      "Locked": true,
      "X": 6,
      "Y": 5,
      "BarrelId": -1,
      "KeyBinding": -1
    },
    {
      "ComponentId": 93,
      "Locked": true,
      "X": 4,
      "Y": 2,
      "BarrelId": 2
    },
    {
      "ComponentId": 98,
      "Locked": true,
      "X": 8,
      "BarrelId": 1,
      "KeyBinding": 1
    },
    {
      "ComponentId": 98,
      "Locked": true,
      "X": 1,
      "KeyBinding": 1
    },
    {
      "ComponentId": 93,
      "Locked": true,
      "X": 6,
      "Y": 2,
      "BarrelId": 2
    }
  ]
}