{
  "ItemType": 8,
  "Id": 38,
  "ShipId": 16,
  "BuildFaction": -1,
  "Components": [
    {
      "ComponentId": 57,
      "Locked": true,
      "X": 7,
      "Y": 10,
      "BarrelId": -1
    },
    {
      "ComponentId": 57,
      "Locked": true,
      "X": 4,
      "Y": 10,
      "BarrelId": -1
    },
    {
      "ComponentId": 95,
      "Locked": true,
      "X": 5,
      "Y": 2,
      "BarrelId": 2
    },
    {
      "ComponentId": 77,
      "Locked": true,
      "X": 3,
      "Y": 5,
      "BarrelId": -1
    },
    {
      "ComponentId": 77,
      "Locked": true,
      "X": 7,
      "Y": 5,
      "BarrelId": -1
    },
    {
      "ComponentId": 55,
      "Locked": true,
      "X": 5,
      "Y": 10,
      "BarrelId": -1
    },
    {
      "ComponentId": 66,
      "Locked": true,
      "X": 10,
      "Y": 5,
      "BarrelId": -1
    },
    {
      "ComponentId": 66,
      "Locked": true,
      "X": 10,
      "Y": 7,
      "BarrelId": -1
    },
    {
      "ComponentId": 66,
      "Locked": true,
      "Y": 5,
      "BarrelId": -1
    },
    {
      "ComponentId": 66,
      "Locked": true,
      "Y": 7,
      "BarrelId": -1
    },
    {
      "ComponentId": 12,
      "Locked": true,
      "X": 9,
      "Y": 9,
      "BarrelId": -1
    },
    {
      "ComponentId": 12,
      "Locked": true,
      "X": 2,
      "Y": 9,
      "BarrelId": -1
    },
    {
      "ComponentId": 12,
      "Locked": true,
      "X": 10,
      "Y": 4,
      "BarrelId": -1
    },
    {
      "ComponentId": 12,
      "Locked": true,
      "X": 1,
      "Y": 4,
      "BarrelId": -1
    },
    {
      "ComponentId": 12,
      "Locked": true,
      "X": 9,
      "Y": 4,
      "BarrelId": -1
    },
    {
      "ComponentId": 12,
      "Locked": true,
      "X": 2,
      "Y": 4,
      "BarrelId": -1
    },
    {
      "ComponentId": 60,
      "Locked": true,
      "X": 5,
      "Y": 9,
      "BarrelId": -1
    },
    {
      "ComponentId": 60,
      "Locked": true,
      "X": 6,
      "Y": 9,
      "BarrelId": -1
    }
  ]
}