{
  "ItemType": 8,
  "Id": 250,
  "ShipId": 104,
  "DifficultyClass": 1,
  "BuildFaction": -1,
  "Components": [
    {
      "Modification": 2,
      "Quality": 5,
      "Locked": true,
      "X": 7,
      "Y": 8,
      "BarrelId": -1
    },
    {
      "ComponentId": 55,
      "Modification": 11,
      "Quality": 5,
      "Locked": true,
      "X": 5,
      "Y": 8,
      "BarrelId": -1,
      "KeyBinding": 1
    },
    {
      "ComponentId": 57,
      "Modification": 11,
      "Quality": 5,
      "Locked": true,
      "X": 6,
      "Y": 10,
      "BarrelId": -1,
      "KeyBinding": 1
    },
    {
      "ComponentId": 56,
      "Modification": 11,
      "Quality": 5,
      "Locked": true,
      "X": 8,
      "Y": 8,
      "BarrelId": -1,
      "KeyBinding": 1
    },
    {
      "ComponentId": 74,
      "Locked": true,
      "X": 3,
      "Y": 6,
      "BarrelId": -1,
      "KeyBinding": 1
    },
    {
      "ComponentId": 74,
      "Locked": true,
      "X": 8,
      "Y": 6,
      "BarrelId": -1,
      "KeyBinding": 1
    },
    {
      "ComponentId": 71,
      "Locked": true,
      "X": 7,
      "Y": 5,
      "BarrelId": -1,
      "KeyBinding": 1
    },
    {
      "ComponentId": 71,
      "Locked": true,
      "X": 5,
      "Y": 5,
      "BarrelId": -1,
      "KeyBinding": 1
    },
    {
      "ComponentId": 54,
      "Locked": true,
      "X": 6,
      "Y": 7,
      "BarrelId": -1,
      "KeyBinding": 1
    },
    {
      "ComponentId": 69,
      "Locked": true,
      "X": 9,
      "Y": 5,
      "BarrelId": -1,
      "KeyBinding": 2
    },
    {
      "ComponentId": 69,
      "Locked": true,
      "X": 9,
      "Y": 4,
      "BarrelId": -1,
      "KeyBinding": 2
    },
    {
      "ComponentId": 69,
      "Locked": true,
      "X": 4,
      "Y": 5,
      "BarrelId": -1,
      "KeyBinding": 2
    },
    {
      "ComponentId": 69,
      "Locked": true,
      "X": 4,
      "Y": 4,
      "BarrelId": -1,
      "KeyBinding": 2
    },
    {
      "ComponentId": 174,
      "Modification": 14,
      "Quality": 5,
      "Locked": true,
      "X": 6,
      "Y": 3,
      "KeyBinding": 2
    },
    {
      "ComponentId": 67,
      "Locked": true,
      "X": 5,
      "Y": 4,
      "KeyBinding": 3
    },
    {
      "ComponentId": 67,
      "Locked": true,
      "X": 5,
      "Y": 3,
      "KeyBinding": 3
    },
    {
      "ComponentId": 64,
      "Locked": true,
      "X": 11,
      "Y": 8,
      "BarrelId": -1,
      "KeyBinding": 3
    },
    {
      "ComponentId": 64,
      "Locked": true,
      "X": 12,
      "Y": 8,
      "BarrelId": -1,
      "KeyBinding": 3
    },
    {
      "ComponentId": 64,
      "Locked": true,
      "X": 11,
      "Y": 7,
      "BarrelId": -1,
      "KeyBinding": 3
    },
    {
      "ComponentId": 64,
      "Locked": true,
      "X": 2,
      "Y": 7,
      "BarrelId": -1,
      "KeyBinding": 3
    },
    {
      "ComponentId": 64,
      "Locked": true,
      "X": 2,
      "Y": 8,
      "BarrelId": -1,
      "KeyBinding": 3
    },
    {
      "ComponentId": 64,
      "Locked": true,
      "X": 1,
      "Y": 8,
      "BarrelId": -1,
      "KeyBinding": 3
    },
    {
      "ComponentId": 63,
      "Locked": true,
      "X": 12,
      "Y": 6,
      "BarrelId": -1,
      "KeyBinding": 3
    },
    {
      "ComponentId": 63,
      "Locked": true,
      "X": 10,
      "Y": 5,
      "BarrelId": -1,
      "KeyBinding": 3
    },
    {
      "ComponentId": 63,
      "Locked": true,
      "Y": 6,
      "BarrelId": -1,
      "KeyBinding": 3
    },
    {
      "ComponentId": 63,
      "Locked": true,
      "X": 2,
      "Y": 5,
      "BarrelId": -1,
      "KeyBinding": 3
    }
  ]
}