{
  "ItemType": 8,
  "Id": 251,
  "ShipId": 105,
  "BuildFaction": -1,
  "Components": [
    {
      "ComponentId": 58,
      "Locked": true,
      "X": 5,
      "Y": 7,
      "BarrelId": -1
    },
    {
      "ComponentId": 58,
      "Locked": true,
      "X": 2,
      "Y": 7,
      "BarrelId": -1
    },
    {
      "ComponentId": 77,
      "Locked": true,
      "X": 5,
      "Y": 5,
      "BarrelId": -1
    },
    {
      "ComponentId": 77,
      "Locked": true,
      "X": 2,
      "Y": 5,
      "BarrelId": -1
    },
    {
      "ComponentId": 67,
      "Locked": true,
      "X": 4,
      "Y": 8,
      "BarrelId": -1
    },
    {
      "ComponentId": 67,
      "Locked": true,
      "X": 4,
      "Y": 7,
      "BarrelId": -1
    },
    {
      "ComponentId": 67,
      "Locked": true,
      "X": 4,
      "Y": 6,
      "BarrelId": -1
    },
    {
      "ComponentId": 67,
      "Locked": true,
      "X": 4,
      "Y": 5,
      "BarrelId": -1
    },
    {
      "ComponentId": 67,
      "Locked": true,
      "X": 4,
      "Y": 4,
      "BarrelId": -1
    },
    {
      "ComponentId": 67,
      "Locked": true,
      "X": 4,
      "Y": 3,
      "BarrelId": -1
    },
    {
      "ComponentId": 67,
      "Locked": true,
      "X": 4,
      "Y": 2,
      "BarrelId": -1
    },
    {
      "ComponentId": 12,
      "Locked": true,
      "X": 4,
      "Y": 1,
      "BarrelId": -1
    },
    {
      "ComponentId": 12,
      "Locked": true,
      "X": 6,
      "Y": 2,
      "BarrelId": -1
    },
    {
      "ComponentId": 12,
      "Locked": true,
      "X": 2,
      "Y": 2,
      "BarrelId": -1
    },
    {
      "ComponentId": 12,
      "Locked": true,
      "X": 7,
      "Y": 6,
      "BarrelId": -1
    },
    {
      "ComponentId": 12,
      "Locked": true,
      "X": 1,
      "Y": 6,
      "BarrelId": -1
    },
    {
      "ComponentId": 12,
      "Locked": true,
      "X": 7,
      "Y": 7,
      "BarrelId": -1
    },
    {
      "ComponentId": 12,
      "Locked": true,
      "X": 1,
      "Y": 7,
      "BarrelId": -1
    },
    {
      "ComponentId": 12,
      "Locked": true,
      "X": 6,
      "Y": 3,
      "BarrelId": -1
    },
    {
      "ComponentId": 12,
      "Locked": true,
      "X": 2,
      "Y": 3,
      "BarrelId": -1
    },
    {
      "ComponentId": 109,
      "Locked": true,
      "X": 2,
      "KeyBinding": 1
    },
    {
      "ComponentId": 173,
      "Locked": true,
      "X": 5,
      "BarrelId": 1
    },
    {
      "ComponentId": 173,
      "Locked": true,
      "X": 5,
      "Y": 2,
      "BarrelId": 1
    }
  ]
}