{
  "ItemType": 8,
  "Id": 255,
  "ShipId": 105,
  "DifficultyClass": 1,
  "BuildFaction": -1,
  "Components": [
    {
      "ComponentId": 55,
      "Locked": true,
      "X": 2,
      "Y": 7,
      "BarrelId": -1
    },
    {
      "ComponentId": 55,
      "Locked": true,
      "X": 5,
      "Y": 7,
      "BarrelId": -1
    },
    {
      "ComponentId": 74,
      "Locked": true,
      "X": 5,
      "Y": 4,
      "BarrelId": -1
    },
    {
      "ComponentId": 74,
      "Locked": true,
      "X": 1,
      "Y": 4,
      "BarrelId": -1
    },
    {
      "ComponentId": 64,
      "Locked": true,
      "X": 7,
      "Y": 7,
      "BarrelId": -1
    },
    {
      "ComponentId": 64,
      "Locked": true,
      "X": 7,
      "Y": 6,
      "BarrelId": -1
    },
    {
      "ComponentId": 64,
      "Locked": true,
      "X": 8,
      "Y": 7,
      "BarrelId": -1
    },
    {
      "ComponentId": 64,
      "Locked": true,
      "X": 4,
      "Y": 8,
      "BarrelId": -1
    },
    {
      "ComponentId": 64,
      "Locked": true,
      "X": 1,
      "Y": 7,
      "BarrelId": -1
    },
    {
      "ComponentId": 64,
      "Locked": true,
      "X": 1,
      "Y": 6,
      "BarrelId": -1
    },
    {
      "ComponentId": 64,
      "Locked": true,
      "Y": 7,
      "BarrelId": -1
    },
    {
      "ComponentId": 64,
      "Locked": true,
      "X": 6,
      "Y": 3,
      "BarrelId": -1
    },
    {
      "ComponentId": 64,
      "Locked": true,
      "X": 6,
      "Y": 2,
      "BarrelId": -1
    },
    {
      "ComponentId": 64,
      "Locked": true,
      "X": 4,
      "Y": 1,
      "BarrelId": -1
    },
    {
      "ComponentId": 64,
      "Locked": true,
      "X": 2,
      "Y": 2,
      "BarrelId": -1
    },
    {
      "ComponentId": 64,
      "Locked": true,
      "X": 2,
      "Y": 3,
      "BarrelId": -1
    },
    {
      "ComponentId": 116,
      "Locked": true,
      "X": 2
    },
    {
      "ComponentId": 92,
      "Locked": true,
      "X": 3,
      "Y": 5,
      "BarrelId": -1,
      "KeyBinding": 1
    },
    {
      "ComponentId": 91,
      "Locked": true,
      "X": 3,
      "Y": 4,
      "KeyBinding": 2
    },
    {
      "ComponentId": 69,
      "Locked": true,
      "X": 4,
      "Y": 4,
      "BarrelId": -1,
      "KeyBinding": 2
    },
    {
      "ComponentId": 69,
      "Locked": true,
      "X": 4,
      "Y": 3,
      "BarrelId": -1,
      "KeyBinding": 2
    },
    {
      "ComponentId": 69,
      "Locked": true,
      "X": 4,
      "Y": 2,
      "BarrelId": -1,
      "KeyBinding": 2
    },
    {
      "ComponentId": 173,
      "Locked": true,
      "X": 5,
      "BarrelId": 1,
      "KeyBinding": 2
    },
    {
      "ComponentId": 67,
      "Locked": true,
      "X": 5,
      "Y": 4,
      "BarrelId": 1,
      "KeyBinding": 3
    },
    {
      "ComponentId": 67,
      "Locked": true,
      "X": 5,
      "Y": 3,
      "BarrelId": 1,
      "KeyBinding": 3
    },
    {
      "ComponentId": 67,
      "Locked": true,
      "X": 5,
      "Y": 2,
      "BarrelId": 1,
      "KeyBinding": 3
    }
  ]
}