{
  "ItemType": 8,
  "Id": 254,
  "ShipId": 108,
  "BuildFaction": -1,
  "Components": [
    {
      "ComponentId": 59,
      "Locked": true,
      "X": 7,
      "Y": 15,
      "BarrelId": -1
    },
    {
      "ComponentId": 111,
      "Locked": true,
      "X": 2,
      "Y": 4
    },
    {
      "ComponentId": 111,
      "Locked": true,
      "X": 3,
      "Y": 4
    },
    {
      "ComponentId": 134,
      "Locked": true,
      "X": 10,
      "Y": 4,
      "BarrelId": 1,
      "KeyBinding": 1
    },
    {
      "ComponentId": 134,
      "Locked": true,
      "X": 10,
      "Y": 6,
      "BarrelId": 1,
      "KeyBinding": 1
    },
    {
      "ComponentId": 76,
      "Locked": true,
      "X": 6,
      "Y": 4,
      "BarrelId": -1,
      "KeyBinding": 2
    },
    {
      "ComponentId": 76,
      "Locked": true,
      "X": 6,
      "Y": 7,
      "BarrelId": -1,
      "KeyBinding": 2
    },
    {
      "ComponentId": 179,
      "Locked": true,
      "X": 6,
      "Y": 1,
      "BarrelId": -1,
      "KeyBinding": 2
    },
    {
      "ComponentId": 181,
      "Locked": true,
      "X": 9,
      "Y": 3,
      "BarrelId": -1,
      "KeyBinding": 2
    },
    {
      "ComponentId": 181,
      "Locked": true,
      "X": 9,
      "Y": 2,
      "BarrelId": -1,
      "KeyBinding": 2
    },
    {
      "ComponentId": 181,
      "Locked": true,
      "X": 9,
      "Y": 1,
      "BarrelId": -1,
      "KeyBinding": 2
    },
    {
      "ComponentId": 181,
      "Locked": true,
      "X": 7,
      "BarrelId": -1,
      "KeyBinding": 2
    },
    {
      "ComponentId": 181,
      "Locked": true,
      "X": 8,
      "BarrelId": -1,
      "KeyBinding": 2
    },
    {
      "ComponentId": 176,
      "Locked": true,
      "X": 9,
      "Y": 10,
      "BarrelId": -1,
      "KeyBinding": 2
    },
    {
      "ComponentId": 176,
      "Locked": true,
      "X": 5,
      "Y": 10,
      "BarrelId": -1,
      "KeyBinding": 2
    },
    {
      "ComponentId": 63,
      "Locked": true,
      "X": 11,
      "Y": 9,
      "BarrelId": -1,
      "KeyBinding": 2
    },
    {
      "ComponentId": 63,
      "Locked": true,
      "X": 11,
      "Y": 11,
      "BarrelId": -1,
      "KeyBinding": 2
    },
    {
      "ComponentId": 63,
      "Locked": true,
      "X": 3,
      "Y": 9,
      "BarrelId": -1,
      "KeyBinding": 2
    },
    {
      "ComponentId": 63,
      "Locked": true,
      "X": 3,
      "Y": 11,
      "BarrelId": -1,
      "KeyBinding": 2
    },
    {
      "ComponentId": 63,
      "Locked": true,
      "X": 11,
      "Y": 13,
      "BarrelId": -1,
      "KeyBinding": 2
    },
    {
      "ComponentId": 63,
      "Locked": true,
      "X": 3,
      "Y": 13,
      "BarrelId": -1,
      "KeyBinding": 2
    },
    {
      "ComponentId": 61,
      "Locked": true,
      "X": 6,
      "Y": 12,
      "BarrelId": -1,
      "KeyBinding": 2
    }
  ]
}