{
  "ItemType": 8,
  "Id": 252,
  "ShipId": 106,
  "BuildFaction": -1,
  "Components": [
    {
      "ComponentId": 131,
      "Locked": true,
      "X": 7,
      "BarrelId": 1
    },
    {
      "ComponentId": 107,
      "Locked": true,
      "X": 4,
      "KeyBinding": 1
    },
    {
      "ComponentId": 58,
      "Locked": true,
      "X": 7,
      "Y": 10,
      "BarrelId": -1,
      "KeyBinding": 2
    },
    {
      "ComponentId": 57,
      "Locked": true,
      "X": 5,
      "Y": 12,
      "BarrelId": -1,
      "KeyBinding": 2
    },
    {
      "ComponentId": 57,
      "Locked": true,
      "X": 7,
      "Y": 12,
      "BarrelId": -1,
      "KeyBinding": 2
    },
    {
      "ComponentId": 58,
      "Locked": true,
      "X": 4,
      "Y": 10,
      "BarrelId": -1,
      "KeyBinding": 2
    },
    {
      "ComponentId": 76,
      "Locked": true,
      "X": 5,
      "Y": 7,
      "BarrelId": -1,
      "KeyBinding": 2
    },
    {
      "ComponentId": 65,
      "Locked": true,
      "X": 9,
      "Y": 8,
      "BarrelId": -1,
      "KeyBinding": 2
    },
    {
      "ComponentId": 65,
      "Locked": true,
      "X": 1,
      "Y": 8,
      "BarrelId": -1,
      "KeyBinding": 2
    },
    {
      "ComponentId": 12,
      "Locked": true,
      "X": 11,
      "Y": 7,
      "BarrelId": -1,
      "KeyBinding": 2
    },
    {
      "ComponentId": 12,
      "Locked": true,
      "X": 11,
      "Y": 11,
      "BarrelId": -1,
      "KeyBinding": 2
    },
    {
      "ComponentId": 12,
      "Locked": true,
      "X": 1,
      "Y": 7,
      "BarrelId": -1,
      "KeyBinding": 2
    },
    {
      "ComponentId": 12,
      "Locked": true,
      "X": 1,
      "Y": 11,
      "BarrelId": -1,
      "KeyBinding": 2
    },
    {
      "ComponentId": 12,
      "Locked": true,
      "X": 6,
      "Y": 11,
      "BarrelId": -1,
      "KeyBinding": 2
    },
    {
      "ComponentId": 12,
      "Locked": true,
      "X": 6,
      "Y": 12,
      "BarrelId": -1,
      "KeyBinding": 2
    },
    {
      "ComponentId": 12,
      "Locked": true,
      "X": 7,
      "Y": 4,
      "BarrelId": -1,
      "KeyBinding": 2
    },
    {
      "ComponentId": 12,
      "Locked": true,
      "X": 5,
      "Y": 4,
      "BarrelId": -1,
      "KeyBinding": 2
    }
  ]
}