{
  "ItemType": 8,
  "Id": 265,
  "ShipId": 115,
  "DifficultyClass": 1,
  "BuildFaction": -1,
  "Components": [
    {
      "ComponentId": 56,
      "Locked": true,
      "X": 3,
      "Y": 7,
      "BarrelId": -1
    },
    {
      "ComponentId": 56,
      "Locked": true,
      "X": 4,
      "Y": 7,
      "BarrelId": -1
    },
    {
      "ComponentId": 56,
      "Locked": true,
      "X": 5,
      "Y": 7,
      "BarrelId": -1
    },
    {
      "ComponentId": 60,
      "Locked": true,
      "X": 6,
      "Y": 7,
      "BarrelId": -1
    },
    {
      "ComponentId": 60,
      "Locked": true,
      "X": 5,
      "Y": 6,
      "BarrelId": -1
    },
    {
      "ComponentId": 60,
      "Locked": true,
      "X": 3,
      "Y": 6,
      "BarrelId": -1
    },
    {
      "ComponentId": 60,
      "Locked": true,
      "X": 2,
      "Y": 7,
      "BarrelId": -1
    },
    {
      "ComponentId": 75,
      "Locked": true,
      "X": 1,
      "Y": 2,
      "BarrelId": -1
    },
    {
      "ComponentId": 121,
      "Locked": true,
      "X": 6,
      "Y": 1
    },
    {
      "ComponentId": 223,
      "Locked": true,
      "X": 6,
      "Y": 5,
      "BarrelId": -1,
      "KeyBinding": 1
    },
    {
      "ComponentId": 222,
      "Locked": true,
      "X": 5,
      "Y": 4,
      "BarrelId": -1,
      "KeyBinding": 1
    },
    {
      "ComponentId": 222,
      "Locked": true,
      "X": 1,
      "Y": 6,
      "BarrelId": -1,
      "KeyBinding": 1
    },
    {
      "ComponentId": 222,
      "Locked": true,
      "X": 1,
      "Y": 4,
      "BarrelId": -1,
      "KeyBinding": 1
    },
    {
      "ComponentId": 222,
      "Locked": true,
      "X": 3,
      "Y": 2,
      "BarrelId": -1,
      "KeyBinding": 1
    },
    {
      "ComponentId": 222,
      "Locked": true,
      "X": 1,
      "Y": 2,
      "BarrelId": -1,
      "KeyBinding": 1
    },
    {
      "ComponentId": 222,
      "Locked": true,
      "X": 1,
      "Y": 1,
      "BarrelId": -1,
      "KeyBinding": 1
    },
    {
      "ComponentId": 222,
      "Locked": true,
      "X": 4,
      "Y": 1,
      "BarrelId": -1,
      "KeyBinding": 1
    },
    {
      "ComponentId": 222,
      "Locked": true,
      "X": 4,
      "BarrelId": -1,
      "KeyBinding": 1
    },
    {
      "ComponentId": 223,
      "Locked": true,
      "X": 2,
      "BarrelId": -1,
      "KeyBinding": 1
    },
    {
      "ComponentId": 67,
      "Locked": true,
      "X": 5,
      "Y": 2,
      "KeyBinding": 1
    },
    {
      "ComponentId": 67,
      "Locked": true,
      "X": 5,
      "Y": 1,
      "KeyBinding": 1
    },
    {
      "ComponentId": 67,
      "Locked": true,
      "X": 5,
      "KeyBinding": 1
    },
    {
      "ComponentId": 67,
      "Locked": true,
      "X": 6,
      "KeyBinding": 1
    },
    {
      "ComponentId": 223,
      "Locked": true,
      "X": 6,
      "Y": 3,
      "BarrelId": -1,
      "KeyBinding": 1
    }
  ]
}