{
  "ItemType": 8,
  "Id": 267,
  "ShipId": 117,
  "DifficultyClass": 1,
  "BuildFaction": -1,
  "Components": [
    {
      "ComponentId": 61,
      "Locked": true,
      "X": 6,
      "Y": 13,
      "BarrelId": -1
    },
    {
      "ComponentId": 62,
      "Locked": true,
      "X": 4,
      "Y": 1,
      "BarrelId": -1,
      "KeyBinding": 1
    },
    {
      "ComponentId": 62,
      "Locked": true,
      "X": 5,
      "Y": 4,
      "BarrelId": -1,
      "KeyBinding": 1
    },
    {
      "ComponentId": 120,
      "Locked": true,
      "X": 7,
      "KeyBinding": 1
    },
    {
      "ComponentId": 75,
      "Locked": true,
      "X": 5,
      "Y": 7,
      "BarrelId": -1,
      "KeyBinding": 2
    },
    {
      "ComponentId": 221,
      "Locked": true,
      "X": 3,
      "Y": 5,
      "BarrelId": 1,
      "KeyBinding": 2
    },
    {
      "ComponentId": 221,
      "Locked": true,
      "X": 11,
      "Y": 5,
      "BarrelId": 2,
      "KeyBinding": 2
    }
  ]
}