{
  "ItemType": 8,
  "Id": 40,
  "ShipId": 18,
  "BuildFaction": -1,
  "Components": [
    {
      "ComponentId": 113,
      "Locked": true,
      "X": 3
    },
    {
      "ComponentId": 58,
      "Locked": true,
      "X": 3,
      "Y": 6,
      "BarrelId": -1
    },
    {
      "ComponentId": 56,
      "Locked": true,
      "X": 5,
      "Y": 6,
      "BarrelId": -1
    },
    {
      "ComponentId": 77,
      "Locked": true,
      "X": 1,
      "Y": 5,
      "BarrelId": -1
    },
    {
      "ComponentId": 77,
      "Locked": true,
      "X": 6,
      "Y": 5,
      "BarrelId": -1
    },
    {
      "ComponentId": 67,
      "Locked": true,
      "X": 6,
      "Y": 4,
      "BarrelId": -1
    },
    {
      "ComponentId": 67,
      "Locked": true,
      "X": 5,
      "Y": 4,
      "BarrelId": -1
    },
    {
      "ComponentId": 67,
      "Locked": true,
      "X": 2,
      "Y": 4,
      "BarrelId": -1
    },
    {
      "ComponentId": 67,
      "Locked": true,
      "X": 4,
      "Y": 3
    },
    {
      "ComponentId": 69,
      "Locked": true,
      "X": 3,
      "Y": 3,
      "BarrelId": -1
    },
    {
      "ComponentId": 69,
      "Locked": true,
      "X": 5,
      "Y": 3,
      "BarrelId": -1
    },
    {
      "ComponentId": 67,
      "Locked": true,
      "X": 5,
      "Y": 5,
      "BarrelId": -1
    },
    {
      "ComponentId": 28,
      "Locked": true,
      "X": 3,
      "Y": 4,
      "BarrelId": -1,
      "KeyBinding": 1
    },
    {
      "ComponentId": 12,
      "Locked": true,
      "X": 5,
      "Y": 2,
      "BarrelId": -1
    },
    {
      "ComponentId": 12,
      "Locked": true,
      "X": 3,
      "Y": 2,
      "BarrelId": -1
    }
  ]
}