{
  "ItemType": 8,
  "Id": 39,
  "ShipId": 17,
  "BuildFaction": -1,
  "Components": [
    {
      "ComponentId": 57,
      "Locked": true,
      "X": 4,
      "Y": 5,
      "BarrelId": -1,
      "KeyBinding": -1
    },
    {
      "ComponentId": 57,
      "Locked": true,
      "X": 2,
      "Y": 5,
      "BarrelId": -1,
      "KeyBinding": -1
    },
    {
      "ComponentId": 78,
      "Locked": true,
      "X": 3,
      "Y": 4,
      "BarrelId": -1,
      "KeyBinding": -1
    },
    {
      "ComponentId": 57,
      "Locked": true,
      "X": 3,
      "Y": 5,
      "BarrelId": -1,
      "KeyBinding": -1
    },
    {
      "ComponentId": 57,
      "Locked": true,
      "X": 3,
      "Y": 6,
      "BarrelId": -1,
      "KeyBinding": -1
    },
    {
      "ComponentId": 12,
      "Locked": true,
      "X": 6,
      "Y": 4,
      "BarrelId": -1,
      "KeyBinding": -1
    },
    {
      "ComponentId": 12,
      "Locked": true,
      "Y": 4,
      "BarrelId": -1,
      "KeyBinding": -1
    },
    {
      "ComponentId": 78,
      "Locked": true,
      "X": 4,
      "Y": 4,
      "BarrelId": -1,
      "KeyBinding": -1
    },
    {
      "ComponentId": 78,
      "Locked": true,
      "X": 5,
      "Y": 4,
      "BarrelId": -1,
      "KeyBinding": -1
    },
    {
      "ComponentId": 78,
      "Locked": true,
      "X": 2,
      "Y": 4,
      "BarrelId": -1,
      "KeyBinding": -1
    },
    {
      "ComponentId": 78,
      "Locked": true,
      "X": 1,
      "Y": 4,
      "BarrelId": -1,
      "KeyBinding": -1
    },
    {
      "ComponentId": 67,
      "Locked": true,
      "X": 4,
      "Y": 2,
      "BarrelId": -1,
      "KeyBinding": -1
    },
    {
      "ComponentId": 67,
      "Locked": true,
      "X": 2,
      "Y": 2,
      "BarrelId": -1,
      "KeyBinding": -1
    },
    {
      "ComponentId": 115,
      "Locked": true,
      "X": 3
    },
    {
      "ComponentId": 67,
      "Locked": true,
      "X": 3,
      "Y": 3,
      "BarrelId": -1,
      "KeyBinding": -1
    },
    {
      "ComponentId": 91,
      "Locked": true,
      "X": 3,
      "Y": 2,
      "KeyBinding": 1
    }
  ]
}