{
  "ItemType": 8,
  "Id": 108,
  "ShipId": 18,
  "DifficultyClass": 1,
  "BuildFaction": -1,
  "Components": [
    {
      "ComponentId": 64,
      "Locked": true,
      "X": 6,
      "Y": 4,
      "BarrelId": -1
    },
    {
      "ComponentId": 64,
      "Locked": true,
      "X": 3,
      "Y": 3,
      "BarrelId": -1
    },
    {
      "ComponentId": 64,
      "Locked": true,
      "X": 5,
      "Y": 3,
      "BarrelId": -1
    },
    {
      "ComponentId": 64,
      "Locked": true,
      "X": 5,
      "Y": 2,
      "BarrelId": -1
    },
    {
      "ComponentId": 64,
      "Locked": true,
      "X": 3,
      "Y": 2,
      "BarrelId": -1
    },
    {
      "ComponentId": 74,
      "Locked": true,
      "X": 1,
      "Y": 4,
      "BarrelId": -1,
      "KeyBinding": -1
    },
    {
      "ComponentId": 64,
      "Locked": true,
      "X": 1,
      "Y": 6,
      "BarrelId": -1,
      "KeyBinding": -1
    },
    {
      "ComponentId": 64,
      "Locked": true,
      "X": 7,
      "Y": 6,
      "BarrelId": -1,
      "KeyBinding": -1
    },
    {
      "ComponentId": 64,
      "Locked": true,
      "X": 7,
      "Y": 5,
      "BarrelId": -1,
      "KeyBinding": -1
    },
    {
      "ComponentId": 67,
      "Locked": true,
      "X": 6,
      "Y": 6,
      "BarrelId": -1,
      "KeyBinding": -1
    },
    {
      "ComponentId": 67,
      "Locked": true,
      "X": 6,
      "Y": 5,
      "BarrelId": -1,
      "KeyBinding": -1
    },
    {
      "ComponentId": 71,
      "Locked": true,
      "X": 4,
      "Y": 4,
      "BarrelId": -1,
      "KeyBinding": -1
    },
    {
      "ComponentId": 67,
      "Locked": true,
      "X": 3,
      "Y": 4,
      "BarrelId": -1,
      "KeyBinding": -1
    },
    {
      "ComponentId": 58,
      "Locked": true,
      "X": 3,
      "Y": 6,
      "BarrelId": -1,
      "KeyBinding": -1
    },
    {
      "ComponentId": 56,
      "Locked": true,
      "X": 5,
      "Y": 6,
      "BarrelId": -1,
      "KeyBinding": -1
    },
    {
      "ComponentId": 113,
      "Locked": true,
      "X": 3
    },
    {
      "ComponentId": 91,
      "Locked": true,
      "X": 4,
      "Y": 3,
      "KeyBinding": -1
    }
  ]
}