{
  "ItemType": 8,
  "Id": 109,
  "ShipId": 19,
  "DifficultyClass": 1,
  "BuildFaction": -1,
  "Components": [
    {
      "ComponentId": 58,
      "Locked": true,
      "X": 3,
      "Y": 7,
      "BarrelId": -1
    },
    {
      "ComponentId": 56,
      "Locked": true,
      "X": 5,
      "Y": 7,
      "BarrelId": -1
    },
    {
      "ComponentId": 29,
      "Locked": true,
      "X": 3,
      "Y": 2,
      "BarrelId": -1
    },
    {
      "ComponentId": 124,
      "Locked": true,
      "X": 7,
      "Y": 5,
      "BarrelId": 2,
      "KeyBinding": 1
    },
    {
      "ComponentId": 124,
      "Locked": true,
      "X": -1,
      "Y": 5,
      "BarrelId": 1,
      "KeyBinding": 1
    },
    {
      "ComponentId": 72,
      "Locked": true,
      "X": 4,
      "Y": 2
    },
    {
      "ComponentId": 72,
      "Locked": true,
      "X": 4,
      "Y": 1
    },
    {
      "ComponentId": 72,
      "Locked": true,
      "X": 4
    },
    {
      "ComponentId": 74,
      "Locked": true,
      "X": 3,
      "Y": 4,
      "BarrelId": -1
    },
    {
      "ComponentId": 63,
      "Locked": true,
      "X": 1,
      "Y": 6,
      "BarrelId": -1
    },
    {
      "ComponentId": 63,
      "Locked": true,
      "X": 6,
      "Y": 6,
      "BarrelId": -1
    },
    {
      "ComponentId": 69,
      "Locked": true,
      "X": 5,
      "Y": 6,
      "BarrelId": -1
    },
    {
      "ComponentId": 69,
      "Locked": true,
      "X": 3,
      "Y": 6,
      "BarrelId": -1
    },
    {
      "ComponentId": 69,
      "Locked": true,
      "X": 6,
      "Y": 5,
      "BarrelId": -1
    },
    {
      "ComponentId": 69,
      "Locked": true,
      "X": 2,
      "Y": 5,
      "BarrelId": -1
    },
    {
      "ComponentId": 64,
      "Locked": true,
      "X": 5,
      "Y": 1,
      "BarrelId": -1
    },
    {
      "ComponentId": 64,
      "Locked": true,
      "X": 3,
      "Y": 1,
      "BarrelId": -1
    }
  ]
}