{
  "ItemType": 8,
  "Id": 42,
  "ShipId": 20,
  "BuildFaction": -1,
  "Components": [
    {
      "ComponentId": 84,
      "Locked": true,
      "X": 4,
      "Y": 2,
      "BarrelId": -1,
      "KeyBinding": 1
    },
    {
      "ComponentId": 55,
      "Locked": true,
      "X": 5,
      "Y": 9,
      "BarrelId": -1
    },
    {
      "ComponentId": 59,
      "Locked": true,
      "X": 5,
      "Y": 11,
      "BarrelId": -1
    },
    {
      "ComponentId": 77,
      "Locked": true,
      "X": 5,
      "Y": 5,
      "BarrelId": -1
    },
    {
      "ComponentId": 77,
      "Locked": true,
      "X": 5,
      "Y": 7,
      "BarrelId": -1
    },
    {
      "ComponentId": 67,
      "Locked": true,
      "X": 8,
      "Y": 10,
      "BarrelId": -1
    },
    {
      "ComponentId": 67,
      "Locked": true,
      "X": 3,
      "Y": 10,
      "BarrelId": -1
    },
    {
      "ComponentId": 67,
      "Locked": true,
      "X": 8,
      "Y": 9,
      "BarrelId": -1
    },
    {
      "ComponentId": 67,
      "Locked": true,
      "X": 3,
      "Y": 9,
      "BarrelId": -1
    },
    {
      "ComponentId": 115,
      "Locked": true,
      "X": 9,
      "Y": 8,
      "BarrelId": 3
    },
    {
      "ComponentId": 115,
      "Locked": true,
      "X": 2,
      "Y": 8
    },
    {
      "ComponentId": 67,
      "Locked": true,
      "X": 9,
      "Y": 10,
      "BarrelId": 3
    },
    {
      "ComponentId": 67,
      "Locked": true,
      "X": 2,
      "Y": 10
    },
    {
      "ComponentId": 67,
      "Locked": true,
      "X": 8,
      "Y": 8,
      "BarrelId": -1
    },
    {
      "ComponentId": 67,
      "Locked": true,
      "X": 3,
      "Y": 8,
      "BarrelId": -1
    },
    {
      "ComponentId": 112,
      "Locked": true,
      "X": 6,
      "Y": 8,
      "BarrelId": 2
    },
    {
      "ComponentId": 112,
      "Locked": true,
      "X": 3,
      "Y": 8,
      "BarrelId": 1
    },
    {
      "ComponentId": 78,
      "Locked": true,
      "X": 6,
      "Y": 4,
      "BarrelId": -1
    },
    {
      "ComponentId": 12,
      "Locked": true,
      "X": 7,
      "Y": 1,
      "BarrelId": -1
    },
    {
      "ComponentId": 12,
      "Locked": true,
      "X": 4,
      "Y": 1,
      "BarrelId": -1
    },
    {
      "ComponentId": 12,
      "Locked": true,
      "X": 7,
      "Y": 4,
      "BarrelId": -1
    },
    {
      "ComponentId": 12,
      "Locked": true,
      "X": 4,
      "Y": 4,
      "BarrelId": -1
    }
  ]
}