{
  "ItemType": 8,
  "Id": 43,
  "ShipId": 21,
  "BuildFaction": -1,
  "Components": [
    {
      "ComponentId": 56,
      "Locked": true,
      "X": 7,
      "Y": 13,
      "BarrelId": -1
    },
    {
      "ComponentId": 56,
      "Locked": true,
      "X": 5,
      "Y": 13,
      "BarrelId": -1
    },
    {
      "ComponentId": 56,
      "Locked": true,
      "X": 6,
      "Y": 13,
      "BarrelId": -1
    },
    {
      "ComponentId": 59,
      "Locked": true,
      "X": 8,
      "Y": 13,
      "BarrelId": -1
    },
    {
      "ComponentId": 59,
      "Locked": true,
      "X": 8,
      "Y": 14,
      "BarrelId": -1
    },
    {
      "ComponentId": 77,
      "Locked": true,
      "X": 6,
      "Y": 2,
      "BarrelId": -1
    },
    {
      "ComponentId": 67,
      "Locked": true,
      "X": 6,
      "Y": 1,
      "BarrelId": -1
    },
    {
      "ComponentId": 67,
      "Locked": true,
      "X": 7,
      "Y": 1,
      "BarrelId": -1
    },
    {
      "ComponentId": 67,
      "Locked": true,
      "X": 8,
      "Y": 1,
      "BarrelId": -1
    },
    {
      "ComponentId": 67,
      "Locked": true,
      "X": 8,
      "Y": 2,
      "BarrelId": -1
    },
    {
      "ComponentId": 67,
      "Locked": true,
      "X": 8,
      "Y": 3,
      "BarrelId": -1
    },
    {
      "ComponentId": 67,
      "Locked": true,
      "X": 8,
      "Y": 4,
      "BarrelId": -1
    },
    {
      "ComponentId": 67,
      "Locked": true,
      "X": 6,
      "Y": 4,
      "BarrelId": -1
    },
    {
      "ComponentId": 67,
      "Locked": true,
      "X": 7,
      "Y": 4,
      "BarrelId": -1
    },
    {
      "ComponentId": 32,
      "Locked": true,
      "X": 6,
      "Y": 5,
      "BarrelId": -1,
      "KeyBinding": 1
    },
    {
      "ComponentId": 77,
      "Locked": true,
      "X": 6,
      "Y": 11,
      "BarrelId": -1,
      "KeyBinding": -1
    },
    {
      "ComponentId": 78,
      "Locked": true,
      "X": 8,
      "Y": 12,
      "BarrelId": -1
    },
    {
      "ComponentId": 67,
      "Locked": true,
      "X": 5,
      "Y": 12,
      "BarrelId": -1
    },
    {
      "ComponentId": 67,
      "Locked": true,
      "X": 9,
      "Y": 12,
      "BarrelId": -1
    },
    {
      "ComponentId": 67,
      "Locked": true,
      "X": 9,
      "Y": 11,
      "BarrelId": -1
    },
    {
      "ComponentId": 67,
      "Locked": true,
      "X": 5,
      "Y": 11,
      "BarrelId": -1
    },
    {
      "ComponentId": 67,
      "Locked": true,
      "X": 7,
      "Y": 10,
      "BarrelId": -1
    },
    {
      "ComponentId": 112,
      "Locked": true,
      "X": 1,
      "Y": 10
    },
    {
      "ComponentId": 112,
      "Locked": true,
      "X": 3,
      "Y": 10,
      "BarrelId": 1
    },
    {
      "ComponentId": 112,
      "Locked": true,
      "X": 11,
      "Y": 10,
      "BarrelId": 3
    },
    {
      "ComponentId": 112,
      "Locked": true,
      "X": 9,
      "Y": 10,
      "BarrelId": 2
    },
    {
      "ComponentId": 67,
      "Locked": true,
      "X": 2,
      "Y": 13
    },
    {
      "ComponentId": 67,
      "Locked": true,
      "X": 4,
      "Y": 13,
      "BarrelId": 1
    },
    {
      "ComponentId": 67,
      "Locked": true,
      "X": 12,
      "Y": 13,
      "BarrelId": 3
    },
    {
      "ComponentId": 67,
      "Locked": true,
      "X": 10,
      "Y": 13,
      "BarrelId": 2
    },
    {
      "ComponentId": 12,
      "Locked": true,
      "X": 1,
      "Y": 11,
      "BarrelId": -1
    },
    {
      "ComponentId": 12,
      "Locked": true,
      "X": 1,
      "Y": 12,
      "BarrelId": -1
    },
    {
      "ComponentId": 12,
      "Locked": true,
      "X": 13,
      "Y": 11,
      "BarrelId": -1
    },
    {
      "ComponentId": 12,
      "Locked": true,
      "X": 13,
      "Y": 12,
      "BarrelId": -1
    },
    {
      "ComponentId": 12,
      "Locked": true,
      "X": 8,
      "BarrelId": -1
    },
    {
      "ComponentId": 12,
      "Locked": true,
      "X": 6,
      "BarrelId": -1
    }
  ]
}