{
  "ItemType": 8,
  "Id": 44,
  "ShipId": 22,
  "BuildFaction": -1,
  "Components": [
    {
      "ComponentId": 105,
      "Locked": true,
      "X": 9,
      "Y": 6,
      "BarrelId": 1
    },
    {
      "ComponentId": 105,
      "Locked": true,
      "X": -1,
      "Y": 6
    },
    {
      "Locked": true,
      "X": 5,
      "Y": 8,
      "BarrelId": -1,
      "KeyBinding": 1
    },
    {
      "ComponentId": 56,
      "Locked": true,
      "X": 6,
      "Y": 8,
      "BarrelId": -1,
      "KeyBinding": -1
    },
    {
      "ComponentId": 57,
      "Locked": true,
      "X": 7,
      "Y": 9,
      "BarrelId": -1,
      "KeyBinding": -1
    },
    {
      "ComponentId": 59,
      "Locked": true,
      "X": 3,
      "Y": 9,
      "BarrelId": -1,
      "KeyBinding": -1
    },
    {
      "ComponentId": 60,
      "Locked": true,
      "X": 4,
      "Y": 8,
      "BarrelId": -1,
      "KeyBinding": -1
    },
    {
      "ComponentId": 76,
      "Locked": true,
      "X": 4,
      "Y": 5,
      "BarrelId": -1,
      "KeyBinding": -1
    },
    {
      "ComponentId": 5,
      "Locked": true,
      "X": 8,
      "Y": 7,
      "BarrelId": -1,
      "KeyBinding": -1
    },
    {
      "ComponentId": 5,
      "Locked": true,
      "X": 1,
      "Y": 7,
      "BarrelId": -1,
      "KeyBinding": -1
    },
    {
      "ComponentId": 67,
      "Locked": true,
      "X": 7,
      "Y": 8,
      "BarrelId": -1,
      "KeyBinding": -1
    },
    {
      "ComponentId": 67,
      "Locked": true,
      "X": 7,
      "Y": 7,
      "BarrelId": -1,
      "KeyBinding": -1
    },
    {
      "ComponentId": 67,
      "Locked": true,
      "X": 3,
      "Y": 8,
      "BarrelId": -1,
      "KeyBinding": -1
    },
    {
      "ComponentId": 67,
      "Locked": true,
      "X": 3,
      "Y": 7,
      "BarrelId": -1,
      "KeyBinding": -1
    },
    {
      "ComponentId": 67,
      "Locked": true,
      "X": 7,
      "Y": 6,
      "BarrelId": -1,
      "KeyBinding": -1
    },
    {
      "ComponentId": 67,
      "Locked": true,
      "X": 7,
      "Y": 5,
      "BarrelId": -1,
      "KeyBinding": -1
    },
    {
      "ComponentId": 67,
      "Locked": true,
      "X": 3,
      "Y": 6,
      "BarrelId": -1,
      "KeyBinding": -1
    },
    {
      "ComponentId": 67,
      "Locked": true,
      "X": 3,
      "Y": 5,
      "BarrelId": -1,
      "KeyBinding": -1
    },
    {
      "ComponentId": 12,
      "Locked": true,
      "X": 6,
      "Y": 1,
      "BarrelId": -1,
      "KeyBinding": -1
    },
    {
      "ComponentId": 12,
      "Locked": true,
      "X": 5,
      "BarrelId": -1,
      "KeyBinding": -1
    },
    {
      "ComponentId": 12,
      "Locked": true,
      "X": 4,
      "Y": 1,
      "BarrelId": -1,
      "KeyBinding": -1
    }
  ]
}