{
  "ItemType": 8,
  "Id": 113,
  "ShipId": 23,
  "DifficultyClass": 1,
  "BuildFaction": -1,
  "Components": [
    {
      "ComponentId": 123,
      "Locked": true,
      "X": 3
    },
    {
      "ComponentId": 84,
      "Locked": true,
      "X": 2,
      "Y": 3,
      "BarrelId": -1,
      "KeyBinding": 1
    },
    {
      "ComponentId": 57,
      "Locked": true,
      "X": 3,
      "Y": 5,
      "BarrelId": -1
    },
    {
      "ComponentId": 57,
      "Locked": true,
      "X": 3,
      "Y": 6,
      "BarrelId": -1
    },
    {
      "ComponentId": 78,
      "Locked": true,
      "X": 4,
      "Y": 2,
      "BarrelId": -1
    },
    {
      "ComponentId": 78,
      "Locked": true,
      "X": 2,
      "Y": 2,
      "BarrelId": -1
    },
    {
      "ComponentId": 78,
      "Locked": true,
      "X": 4,
      "Y": 6,
      "BarrelId": -1
    },
    {
      "ComponentId": 78,
      "Locked": true,
      "X": 4,
      "Y": 5,
      "BarrelId": -1
    },
    {
      "ComponentId": 78,
      "Locked": true,
      "X": 2,
      "Y": 5,
      "BarrelId": -1
    },
    {
      "ComponentId": 78,
      "Locked": true,
      "X": 2,
      "Y": 6,
      "BarrelId": -1
    },
    {
      "ComponentId": 69,
      "Locked": true,
      "X": 3,
      "Y": 2,
      "BarrelId": -1
    },
    {
      "ComponentId": 64,
      "Locked": true,
      "X": 4,
      "BarrelId": -1
    },
    {
      "ComponentId": 64,
      "Locked": true,
      "X": 5,
      "Y": 5,
      "BarrelId": -1
    },
    {
      "ComponentId": 64,
      "Locked": true,
      "X": 5,
      "Y": 6,
      "BarrelId": -1
    },
    {
      "ComponentId": 64,
      "Locked": true,
      "X": 1,
      "Y": 5,
      "BarrelId": -1
    },
    {
      "ComponentId": 64,
      "Locked": true,
      "X": 1,
      "Y": 6,
      "BarrelId": -1
    },
    {
      "ComponentId": 64,
      "Locked": true,
      "X": 4,
      "Y": 1,
      "BarrelId": -1
    },
    {
      "ComponentId": 64,
      "Locked": true,
      "X": 2,
      "Y": 1,
      "BarrelId": -1
    },
    {
      "ComponentId": 64,
      "Locked": true,
      "X": 2,
      "BarrelId": -1
    }
  ]
}