{
  "ItemType": 8,
  "Id": 115,
  "ShipId": 25,
  "DifficultyClass": 1,
  "BuildFaction": -1,
  "Components": [
    {
      "ComponentId": 133,
      "Locked": true,
      "Y": 7
    },
    {
      "ComponentId": 133,
      "Locked": true,
      "X": 7,
      "Y": 7,
      "BarrelId": 1
    },
    {
      "ComponentId": 57,
      "Locked": true,
      "X": 5,
      "Y": 7,
      "BarrelId": -1
    },
    {
      "ComponentId": 57,
      "Locked": true,
      "X": 3,
      "Y": 7,
      "BarrelId": -1
    },
    {
      "ComponentId": 76,
      "Locked": true,
      "X": 3,
      "Y": 1,
      "BarrelId": -1
    },
    {
      "ComponentId": 56,
      "Locked": true,
      "X": 4,
      "Y": 7,
      "BarrelId": -1
    },
    {
      "ComponentId": 57,
      "Locked": true,
      "X": 4,
      "Y": 6,
      "BarrelId": -1
    },
    {
      "ComponentId": 78,
      "Locked": true,
      "X": 4,
      "Y": 4,
      "BarrelId": -1
    },
    {
      "ComponentId": 64,
      "Locked": true,
      "X": 3,
      "BarrelId": -1
    },
    {
      "ComponentId": 64,
      "Locked": true,
      "X": 4,
      "BarrelId": -1
    },
    {
      "ComponentId": 64,
      "Locked": true,
      "X": 5,
      "BarrelId": -1
    },
    {
      "ComponentId": 64,
      "Locked": true,
      "X": 6,
      "Y": 1,
      "BarrelId": -1
    },
    {
      "ComponentId": 64,
      "Locked": true,
      "X": 6,
      "Y": 2,
      "BarrelId": -1
    },
    {
      "ComponentId": 64,
      "Locked": true,
      "X": 2,
      "Y": 2,
      "BarrelId": -1
    },
    {
      "ComponentId": 64,
      "Locked": true,
      "X": 2,
      "Y": 1,
      "BarrelId": -1
    },
    {
      "ComponentId": 29,
      "Locked": true,
      "X": 3,
      "Y": 4,
      "BarrelId": -1,
      "KeyBinding": -1
    },
    {
      "ComponentId": 64,
      "Locked": true,
      "X": 6,
      "Y": 3,
      "BarrelId": -1
    },
    {
      "ComponentId": 64,
      "Locked": true,
      "X": 6,
      "Y": 4,
      "BarrelId": -1
    },
    {
      "ComponentId": 64,
      "Locked": true,
      "X": 6,
      "Y": 7,
      "BarrelId": -1
    },
    {
      "ComponentId": 64,
      "Locked": true,
      "X": 2,
      "Y": 7,
      "BarrelId": -1
    },
    {
      "ComponentId": 64,
      "Locked": true,
      "X": 2,
      "Y": 4,
      "BarrelId": -1
    },
    {
      "ComponentId": 64,
      "Locked": true,
      "X": 2,
      "Y": 3,
      "BarrelId": -1
    }
  ]
}