{
  "ItemType": 8,
  "Id": 53,
  "ShipId": 31,
  "BuildFaction": -1,
  "Components": [
    {
      "Locked": true,
      "X": 5,
      "Y": 9,
      "BarrelId": -1,
      "KeyBinding": 1
    },
    {
      "ComponentId": 57,
      "Locked": true,
      "X": 7,
      "Y": 11,
      "BarrelId": -1
    },
    {
      "ComponentId": 57,
      "Locked": true,
      "X": 4,
      "Y": 11,
      "BarrelId": -1
    },
    {
      "ComponentId": 110,
      "Locked": true,
      "X": 6,
      "Y": 1
    },
    {
      "ComponentId": 110,
      "Locked": true,
      "X": 6
    },
    {
      "ComponentId": 110,
      "Locked": true,
      "X": 5,
      "Y": 1
    },
    {
      "ComponentId": 110,
      "Locked": true,
      "X": 5
    },
    {
      "ComponentId": 78,
      "Locked": true,
      "X": 6,
      "Y": 2,
      "BarrelId": -1
    },
    {
      "ComponentId": 78,
      "Locked": true,
      "X": 5,
      "Y": 2,
      "BarrelId": -1
    },
    {
      "ComponentId": 78,
      "Locked": true,
      "X": 6,
      "Y": 4,
      "BarrelId": -1
    },
    {
      "ComponentId": 78,
      "Locked": true,
      "X": 5,
      "Y": 4,
      "BarrelId": -1
    },
    {
      "ComponentId": 78,
      "Locked": true,
      "X": 6,
      "Y": 6,
      "BarrelId": -1
    },
    {
      "ComponentId": 78,
      "Locked": true,
      "X": 5,
      "Y": 6,
      "BarrelId": -1
    },
    {
      "ComponentId": 78,
      "Locked": true,
      "X": 6,
      "Y": 8,
      "BarrelId": -1
    },
    {
      "ComponentId": 78,
      "Locked": true,
      "X": 5,
      "Y": 8,
      "BarrelId": -1
    },
    {
      "ComponentId": 66,
      "Locked": true,
      "X": 3,
      "Y": 9,
      "BarrelId": -1
    },
    {
      "ComponentId": 66,
      "Locked": true,
      "X": 7,
      "Y": 9,
      "BarrelId": -1
    },
    {
      "ComponentId": 57,
      "Locked": true,
      "X": 6,
      "Y": 11,
      "BarrelId": -1
    },
    {
      "ComponentId": 57,
      "Locked": true,
      "X": 6,
      "Y": 10,
      "BarrelId": -1
    },
    {
      "ComponentId": 57,
      "Locked": true,
      "X": 6,
      "Y": 9,
      "BarrelId": -1
    },
    {
      "ComponentId": 12,
      "Locked": true,
      "X": 7,
      "Y": 3,
      "BarrelId": -1
    },
    {
      "ComponentId": 12,
      "Locked": true,
      "X": 4,
      "Y": 3,
      "BarrelId": -1
    }
  ]
}