{
  "ItemType": 8,
  "Id": 123,
  "ShipId": 33,
  "DifficultyClass": 1,
  "BuildFaction": -1,
  "Components": [
    {
      "ComponentId": 151,
      "Locked": true,
      "X": 8,
      "Y": 11,
      "BarrelId": 1
    },
    {
      "ComponentId": 151,
      "Locked": true,
      "X": 4,
      "Y": 11
    },
    {
      "ComponentId": 55,
      "Locked": true,
      "X": 6,
      "Y": 12,
      "BarrelId": -1
    },
    {
      "ComponentId": 56,
      "Locked": true,
      "X": 8,
      "Y": 12,
      "BarrelId": -1
    },
    {
      "ComponentId": 59,
      "Locked": true,
      "X": 6,
      "Y": 14,
      "BarrelId": -1
    },
    {
      "ComponentId": 57,
      "Locked": true,
      "X": 8,
      "Y": 14,
      "BarrelId": -1
    },
    {
      "ComponentId": 35,
      "Locked": true,
      "X": 6,
      "Y": 8,
      "BarrelId": -1,
      "KeyBinding": 1
    },
    {
      "ComponentId": 44,
      "Locked": true,
      "X": 8,
      "Y": 5,
      "BarrelId": -1,
      "KeyBinding": 1
    },
    {
      "ComponentId": 69,
      "Locked": true,
      "X": 7,
      "Y": 7,
      "BarrelId": -1
    },
    {
      "ComponentId": 69,
      "Locked": true,
      "X": 7,
      "Y": 6,
      "BarrelId": -1
    },
    {
      "ComponentId": 74,
      "Locked": true,
      "X": 6,
      "Y": 3,
      "BarrelId": -1
    },
    {
      "ComponentId": 74,
      "Locked": true,
      "X": 5,
      "Y": 1,
      "BarrelId": -1
    },
    {
      "ComponentId": 79,
      "Locked": true,
      "X": 8,
      "Y": 2,
      "BarrelId": -1,
      "KeyBinding": 2
    },
    {
      "ComponentId": 63,
      "Locked": true,
      "X": 11,
      "Y": 12,
      "BarrelId": -1
    },
    {
      "ComponentId": 63,
      "Locked": true,
      "X": 2,
      "Y": 12,
      "BarrelId": -1
    },
    {
      "ComponentId": 64,
      "Locked": true,
      "X": 1,
      "Y": 12,
      "BarrelId": -1
    },
    {
      "ComponentId": 64,
      "Locked": true,
      "X": 13,
      "Y": 12,
      "BarrelId": -1
    },
    {
      "ComponentId": 64,
      "Locked": true,
      "X": 9,
      "Y": 1,
      "BarrelId": -1
    },
    {
      "ComponentId": 64,
      "Locked": true,
      "X": 8,
      "BarrelId": -1
    },
    {
      "ComponentId": 64,
      "Locked": true,
      "X": 7,
      "BarrelId": -1
    },
    {
      "ComponentId": 64,
      "Locked": true,
      "X": 6,
      "BarrelId": -1
    },
    {
      "ComponentId": 64,
      "Locked": true,
      "X": 5,
      "Y": 1,
      "BarrelId": -1
    },
    {
      "ComponentId": 69,
      "Locked": true,
      "X": 8,
      "Y": 1,
      "BarrelId": -1
    },
    {
      "ComponentId": 69,
      "Locked": true,
      "X": 7,
      "Y": 1,
      "BarrelId": -1
    },
    {
      "ComponentId": 69,
      "Locked": true,
      "X": 10,
      "Y": 12,
      "BarrelId": -1
    },
    {
      "ComponentId": 69,
      "Locked": true,
      "X": 10,
      "Y": 13,
      "BarrelId": -1
    },
    {
      "ComponentId": 69,
      "Locked": true,
      "X": 4,
      "Y": 12,
      "BarrelId": -1
    },
    {
      "ComponentId": 69,
      "Locked": true,
      "X": 4,
      "Y": 13,
      "BarrelId": -1
    },
    {
      "ComponentId": 64,
      "Locked": true,
      "X": 9,
      "Y": 4,
      "BarrelId": -1
    },
    {
      "ComponentId": 64,
      "Locked": true,
      "X": 5,
      "Y": 4,
      "BarrelId": -1
    },
    {
      "ComponentId": 64,
      "Locked": true,
      "X": 5,
      "Y": 3,
      "BarrelId": -1
    },
    {
      "ComponentId": 52,
      "Locked": true,
      "X": 5,
      "Y": 5,
      "BarrelId": -1,
      "KeyBinding": -1
    },
    {
      "ComponentId": 64,
      "Locked": true,
      "X": 6,
      "Y": 7,
      "BarrelId": -1,
      "KeyBinding": -1
    },
    {
      "ComponentId": 64,
      "Locked": true,
      "X": 5,
      "Y": 7,
      "BarrelId": -1,
      "KeyBinding": -1
    }
  ]
}