{
  "ItemType": 8,
  "Id": 124,
  "ShipId": 34,
  "DifficultyClass": 1,
  "BuildFaction": -1,
  "Components": [
    {
      "ComponentId": 92,
      "Locked": true,
      "X": 2,
      "Y": 1,
      "BarrelId": -1,
      "KeyBinding": 1
    },
    {
      "ComponentId": 127,
      "Locked": true,
      "X": 5,
      "BarrelId": 1
    },
    {
      "ComponentId": 127,
      "Locked": true,
      "X": 1
    },
    {
      "ComponentId": 57,
      "Locked": true,
      "X": 4,
      "Y": 6,
      "BarrelId": -1
    },
    {
      "ComponentId": 57,
      "Locked": true,
      "X": 2,
      "Y": 6,
      "BarrelId": -1
    },
    {
      "ComponentId": 77,
      "Locked": true,
      "X": 2,
      "Y": 4,
      "BarrelId": -1
    },
    {
      "ComponentId": 78,
      "Locked": true,
      "X": 2,
      "Y": 3,
      "BarrelId": -1
    },
    {
      "ComponentId": 78,
      "Locked": true,
      "X": 4,
      "Y": 5,
      "BarrelId": -1
    },
    {
      "ComponentId": 66,
      "Locked": true,
      "X": 4,
      "Y": 3,
      "BarrelId": -1
    },
    {
      "ComponentId": 12,
      "Locked": true,
      "X": 3,
      "Y": 6,
      "BarrelId": -1
    },
    {
      "ComponentId": 12,
      "Locked": true,
      "X": 1,
      "Y": 4,
      "BarrelId": -1
    },
    {
      "ComponentId": 12,
      "Locked": true,
      "X": 1,
      "Y": 3,
      "BarrelId": -1
    }
  ]
}