{
  "ItemType": 8,
  "Id": 67,
  "ShipId": 45,
  "BuildFaction": -1,
  "Components": [
    {
      "ComponentId": 106,
      "Locked": true,
      "X": 5,
      "Y": 3,
      "BarrelId": 1,
      "KeyBinding": 2
    },
    {
      "ComponentId": 106,
      "Locked": true,
      "X": 3,
      "Y": 4,
      "BarrelId": 2,
      "KeyBinding": 1
    },
    {
      "ComponentId": 106,
      "Locked": true,
      "X": 1,
      "Y": 3
    },
    {
      "ComponentId": 60,
      "Locked": true,
      "X": 5,
      "Y": 4,
      "BarrelId": -1
    },
    {
      "ComponentId": 60,
      "Locked": true,
      "X": 3,
      "Y": 4,
      "BarrelId": -1
    },
    {
      "ComponentId": 57,
      "Locked": true,
      "X": 5,
      "Y": 3,
      "BarrelId": -1
    },
    {
      "ComponentId": 57,
      "Locked": true,
      "X": 3,
      "Y": 3,
      "BarrelId": -1
    },
    {
      "ComponentId": 78,
      "Locked": true,
      "X": 4,
      "Y": 1,
      "BarrelId": -1
    },
    {
      "ComponentId": 78,
      "Locked": true,
      "X": 4,
      "Y": 2,
      "BarrelId": -1
    },
    {
      "ComponentId": 78,
      "Locked": true,
      "X": 4,
      "Y": 3,
      "BarrelId": -1
    },
    {
      "ComponentId": 78,
      "Locked": true,
      "X": 4,
      "BarrelId": -1
    },
    {
      "ComponentId": 67,
      "Locked": true,
      "X": 6,
      "Y": 1,
      "BarrelId": -1
    },
    {
      "ComponentId": 67,
      "Locked": true,
      "X": 5,
      "Y": 1,
      "BarrelId": -1
    },
    {
      "ComponentId": 67,
      "Locked": true,
      "X": 3,
      "Y": 1,
      "BarrelId": -1
    },
    {
      "ComponentId": 67,
      "Locked": true,
      "X": 2,
      "Y": 1,
      "BarrelId": -1
    },
    {
      "ComponentId": 12,
      "Locked": true,
      "X": 6,
      "Y": 2,
      "BarrelId": -1
    },
    {
      "ComponentId": 12,
      "Locked": true,
      "X": 2,
      "Y": 2,
      "BarrelId": -1
    }
  ]
}