{
  "ItemType": 8,
  "Id": 136,
  "ShipId": 46,
  "DifficultyClass": 1,
  "BuildFaction": -1,
  "Components": [
    {
      "ComponentId": 106,
      "Locked": true,
      "X": 4,
      "Y": 6,
      "BarrelId": 1,
      "KeyBinding": 2
    },
    {
      "ComponentId": 63,
      "Locked": true,
      "X": 2,
      "Y": 2,
      "BarrelId": -1
    },
    {
      "ComponentId": 64,
      "Locked": true,
      "X": 8,
      "Y": 3,
      "BarrelId": -1
    },
    {
      "ComponentId": 64,
      "Locked": true,
      "X": 8,
      "Y": 2,
      "BarrelId": -1
    },
    {
      "ComponentId": 64,
      "Locked": true,
      "X": 6,
      "BarrelId": -1
    },
    {
      "ComponentId": 64,
      "Locked": true,
      "X": 5,
      "BarrelId": -1
    },
    {
      "ComponentId": 64,
      "Locked": true,
      "X": 4,
      "BarrelId": -1
    },
    {
      "ComponentId": 64,
      "Locked": true,
      "X": 3,
      "Y": 1,
      "BarrelId": -1
    },
    {
      "ComponentId": 56,
      "Locked": true,
      "X": 8,
      "Y": 5,
      "BarrelId": -1
    },
    {
      "ComponentId": 31,
      "Locked": true,
      "X": 6,
      "Y": 4,
      "BarrelId": -1,
      "KeyBinding": 1
    },
    {
      "ComponentId": 74,
      "Locked": true,
      "X": 4,
      "Y": 2,
      "BarrelId": -1,
      "KeyBinding": -1
    },
    {
      "ComponentId": 71,
      "Locked": true,
      "X": 6,
      "Y": 1,
      "BarrelId": -1,
      "KeyBinding": -1
    },
    {
      "ComponentId": 69,
      "Locked": true,
      "X": 5,
      "Y": 5,
      "BarrelId": -1,
      "KeyBinding": -1
    },
    {
      "ComponentId": 69,
      "Locked": true,
      "X": 7,
      "Y": 3,
      "BarrelId": -1,
      "KeyBinding": -1
    },
    {
      "ComponentId": 69,
      "Locked": true,
      "X": 4,
      "Y": 2,
      "BarrelId": -1,
      "KeyBinding": -1
    },
    {
      "ComponentId": 56,
      "Locked": true,
      "X": 2,
      "Y": 5,
      "BarrelId": -1,
      "KeyBinding": -1
    },
    {
      "ComponentId": 54,
      "Locked": true,
      "X": 4,
      "Y": 1,
      "BarrelId": -1,
      "KeyBinding": 3
    },
    {
      "ComponentId": 146,
      "Locked": true,
      "X": 3,
      "Y": 4
    }
  ]
}