{
  "ItemType": 8,
  "Id": 140,
  "ShipId": 51,
  "DifficultyClass": 1,
  "BuildFaction": -1,
  "Components": [
    {
      "ComponentId": 74,
      "Locked": true,
      "X": 4,
      "Y": 4,
      "BarrelId": -1,
      "KeyBinding": -1
    },
    {
      "ComponentId": 91,
      "Locked": true,
      "X": 5,
      "Y": 3,
      "KeyBinding": -1
    },
    {
      "ComponentId": 63,
      "Locked": true,
      "X": 7,
      "Y": 5,
      "BarrelId": -1,
      "KeyBinding": -1
    },
    {
      "ComponentId": 63,
      "Locked": true,
      "X": 2,
      "Y": 5,
      "BarrelId": -1,
      "KeyBinding": -1
    },
    {
      "ComponentId": 64,
      "Locked": true,
      "X": 9,
      "Y": 5,
      "BarrelId": -1,
      "KeyBinding": -1
    },
    {
      "ComponentId": 64,
      "Locked": true,
      "X": 1,
      "Y": 5,
      "BarrelId": -1,
      "KeyBinding": -1
    },
    {
      "ComponentId": 64,
      "Locked": true,
      "X": 6,
      "Y": 3,
      "BarrelId": -1,
      "KeyBinding": -1
    },
    {
      "ComponentId": 64,
      "Locked": true,
      "X": 4,
      "Y": 3,
      "BarrelId": -1,
      "KeyBinding": -1
    },
    {
      "ComponentId": 69,
      "Locked": true,
      "X": 6,
      "Y": 4,
      "BarrelId": -1,
      "KeyBinding": -1
    },
    {
      "ComponentId": 69,
      "Locked": true,
      "X": 4,
      "Y": 4,
      "BarrelId": -1,
      "KeyBinding": -1
    },
    {
      "ComponentId": 69,
      "Locked": true,
      "X": 6,
      "Y": 6,
      "BarrelId": -1,
      "KeyBinding": -1
    },
    {
      "ComponentId": 69,
      "Locked": true,
      "X": 4,
      "Y": 6,
      "BarrelId": -1,
      "KeyBinding": -1
    },
    {
      "ComponentId": 69,
      "Locked": true,
      "X": 4,
      "Y": 7,
      "BarrelId": -1,
      "KeyBinding": -1
    },
    {
      "ComponentId": 69,
      "Locked": true,
      "X": 6,
      "Y": 7,
      "BarrelId": -1,
      "KeyBinding": -1
    },
    {
      "ComponentId": 98,
      "Locked": true,
      "X": 4
    },
    {
      "ComponentId": 56,
      "Locked": true,
      "X": 5,
      "Y": 7,
      "BarrelId": -1,
      "KeyBinding": -1
    },
    {
      "ComponentId": 56,
      "Locked": true,
      "X": 5,
      "Y": 9,
      "BarrelId": -1,
      "KeyBinding": -1
    },
    {
      "ComponentId": 57,
      "Locked": true,
      "X": 6,
      "Y": 10,
      "BarrelId": -1,
      "KeyBinding": -1
    },
    {
      "ComponentId": 57,
      "Locked": true,
      "X": 4,
      "Y": 10,
      "BarrelId": -1,
      "KeyBinding": -1
    }
  ]
}