{
  "ItemType": 8,
  "Id": 142,
  "ShipId": 53,
  "DifficultyClass": 1,
  "BuildFaction": -1,
  "Components": [
    {
      "ComponentId": 64,
      "Locked": true,
      "X": 7,
      "Y": 4,
      "BarrelId": -1
    },
    {
      "ComponentId": 64,
      "Locked": true,
      "X": 6,
      "Y": 4,
      "BarrelId": -1
    },
    {
      "ComponentId": 64,
      "Locked": true,
      "X": 5,
      "Y": 4,
      "BarrelId": -1
    },
    {
      "ComponentId": 64,
      "Locked": true,
      "X": 4,
      "Y": 5,
      "BarrelId": -1
    },
    {
      "ComponentId": 64,
      "Locked": true,
      "X": 3,
      "Y": 6,
      "BarrelId": -1
    },
    {
      "ComponentId": 64,
      "Locked": true,
      "X": 1,
      "Y": 8,
      "BarrelId": -1
    },
    {
      "ComponentId": 74,
      "Locked": true,
      "X": 6,
      "Y": 7,
      "BarrelId": -1
    },
    {
      "ComponentId": 66,
      "Locked": true,
      "X": 2,
      "Y": 7,
      "BarrelId": -1
    },
    {
      "ComponentId": 74,
      "Locked": true,
      "X": 5,
      "Y": 5,
      "BarrelId": -1
    },
    {
      "ComponentId": 71,
      "Locked": true,
      "X": 4,
      "Y": 7,
      "BarrelId": -1
    },
    {
      "ComponentId": 69,
      "Locked": true,
      "X": 7,
      "Y": 5,
      "BarrelId": -1
    },
    {
      "ComponentId": 69,
      "Locked": true,
      "X": 4,
      "Y": 6,
      "BarrelId": -1
    },
    {
      "ComponentId": 54,
      "Locked": true,
      "X": 5,
      "Y": 9,
      "BarrelId": -1,
      "KeyBinding": 2
    },
    {
      "ComponentId": 64,
      "Locked": true,
      "Y": 9,
      "BarrelId": -1
    },
    {
      "ComponentId": 64,
      "Locked": true,
      "Y": 8,
      "BarrelId": -1
    },
    {
      "ComponentId": 64,
      "Locked": true,
      "Y": 7,
      "BarrelId": -1
    },
    {
      "ComponentId": 64,
      "Locked": true,
      "X": 6,
      "Y": 2,
      "BarrelId": -1
    },
    {
      "ComponentId": 64,
      "Locked": true,
      "X": 7,
      "Y": 2,
      "BarrelId": -1
    },
    {
      "ComponentId": 64,
      "Locked": true,
      "X": 6,
      "Y": 3,
      "BarrelId": -1
    },
    {
      "ComponentId": 64,
      "Locked": true,
      "X": 5,
      "Y": 2,
      "BarrelId": -1
    },
    {
      "ComponentId": 64,
      "Locked": true,
      "X": 6,
      "Y": 1,
      "BarrelId": -1
    },
    {
      "ComponentId": 80,
      "Locked": true,
      "X": 5,
      "Y": 5,
      "BarrelId": -1,
      "KeyBinding": 3
    },
    {
      "ComponentId": 55,
      "Locked": true,
      "X": 5,
      "Y": 11,
      "BarrelId": -1
    },
    {
      "ComponentId": 56,
      "Locked": true,
      "X": 7,
      "Y": 11,
      "BarrelId": -1
    },
    {
      "ComponentId": 57,
      "Locked": true,
      "X": 8,
      "Y": 12,
      "BarrelId": -1
    },
    {
      "ComponentId": 57,
      "Locked": true,
      "X": 6,
      "Y": 10,
      "BarrelId": -1
    },
    {
      "ComponentId": 57,
      "Locked": true,
      "X": 4,
      "Y": 12,
      "BarrelId": -1
    },
    {
      "ComponentId": 105,
      "Locked": true,
      "X": 7,
      "Y": 5
    },
    {
      "ComponentId": 108,
      "Locked": true,
      "X": 9,
      "Y": 5,
      "BarrelId": 1
    },
    {
      "ComponentId": 113,
      "Locked": true,
      "X": 11,
      "Y": 5,
      "BarrelId": 2
    }
  ]
}