{
  "ItemType": 8,
  "Id": 75,
  "ShipId": 53,
  "BuildFaction": -1,
  "Components": [
    {
      "ComponentId": 105,
      "Locked": true,
      "X": 7,
      "Y": 5
    },
    {
      "ComponentId": 105,
      "Locked": true,
      "X": 9,
      "Y": 5,
      "BarrelId": 1
    },
    {
      "ComponentId": 105,
      "Locked": true,
      "X": 11,
      "Y": 5,
      "BarrelId": 2
    },
    {
      "Locked": true,
      "X": 6,
      "Y": 10,
      "BarrelId": -1,
      "KeyBinding": 1
    },
    {
      "ComponentId": 77,
      "Locked": true,
      "X": 4,
      "Y": 7,
      "BarrelId": -1
    },
    {
      "ComponentId": 77,
      "Locked": true,
      "X": 6,
      "Y": 7,
      "BarrelId": -1
    },
    {
      "ComponentId": 77,
      "Locked": true,
      "X": 6,
      "Y": 5,
      "BarrelId": -1
    },
    {
      "ComponentId": 66,
      "Locked": true,
      "X": 2,
      "Y": 7,
      "BarrelId": -1
    },
    {
      "ComponentId": 66,
      "Locked": true,
      "X": 4,
      "Y": 5,
      "BarrelId": -1
    },
    {
      "ComponentId": 12,
      "Locked": true,
      "X": 6,
      "Y": 1,
      "BarrelId": -1
    },
    {
      "ComponentId": 12,
      "Locked": true,
      "X": 7,
      "Y": 2,
      "BarrelId": -1
    },
    {
      "ComponentId": 12,
      "Locked": true,
      "X": 5,
      "Y": 2,
      "BarrelId": -1
    },
    {
      "ComponentId": 12,
      "Locked": true,
      "X": 6,
      "Y": 2,
      "BarrelId": -1
    },
    {
      "ComponentId": 59,
      "Locked": true,
      "X": 7,
      "Y": 12,
      "BarrelId": -1
    },
    {
      "ComponentId": 57,
      "Locked": true,
      "X": 7,
      "Y": 11,
      "BarrelId": -1
    },
    {
      "ComponentId": 56,
      "Locked": true,
      "X": 5,
      "Y": 11,
      "BarrelId": -1
    },
    {
      "ComponentId": 60,
      "Locked": true,
      "X": 4,
      "Y": 12,
      "BarrelId": -1
    }
  ]
}