{
  "ItemType": 8,
  "Id": 145,
  "ShipId": 56,
  "DifficultyClass": 1,
  "BuildFaction": -1,
  "Components": [
    {
      "ComponentId": 74,
      "Locked": true,
      "X": 4,
      "Y": 3,
      "BarrelId": -1,
      "KeyBinding": -1
    },
    {
      "ComponentId": 62,
      "Locked": true,
      "X": 4,
      "BarrelId": -1,
      "KeyBinding": -1
    },
    {
      "ComponentId": 64,
      "Locked": true,
      "X": 4,
      "Y": 3,
      "BarrelId": -1,
      "KeyBinding": -1
    },
    {
      "ComponentId": 64,
      "Locked": true,
      "X": 7,
      "Y": 3,
      "BarrelId": -1,
      "KeyBinding": -1
    },
    {
      "ComponentId": 64,
      "Locked": true,
      "X": 7,
      "Y": 2,
      "BarrelId": -1,
      "KeyBinding": -1
    },
    {
      "ComponentId": 64,
      "Locked": true,
      "X": 7,
      "Y": 1,
      "BarrelId": -1,
      "KeyBinding": -1
    },
    {
      "ComponentId": 64,
      "Locked": true,
      "X": 7,
      "BarrelId": -1,
      "KeyBinding": -1
    },
    {
      "ComponentId": 30,
      "Locked": true,
      "X": 5,
      "Y": 6,
      "BarrelId": -1,
      "KeyBinding": -1
    },
    {
      "ComponentId": 80,
      "Locked": true,
      "X": 6,
      "Y": 3,
      "BarrelId": -1,
      "KeyBinding": 2
    },
    {
      "ComponentId": 74,
      "Locked": true,
      "X": 4,
      "Y": 7,
      "BarrelId": -1,
      "KeyBinding": -1
    },
    {
      "ComponentId": 69,
      "Locked": true,
      "X": 6,
      "Y": 9,
      "BarrelId": -1,
      "KeyBinding": -1
    },
    {
      "ComponentId": 69,
      "Locked": true,
      "X": 7,
      "Y": 8,
      "BarrelId": -1,
      "KeyBinding": -1
    },
    {
      "ComponentId": 69,
      "Locked": true,
      "X": 6,
      "Y": 7,
      "BarrelId": -1,
      "KeyBinding": -1
    },
    {
      "ComponentId": 69,
      "Locked": true,
      "X": 6,
      "Y": 5,
      "BarrelId": -1,
      "KeyBinding": -1
    },
    {
      "ComponentId": 69,
      "Locked": true,
      "X": 7,
      "Y": 4,
      "BarrelId": -1,
      "KeyBinding": -1
    },
    {
      "ComponentId": 58,
      "Locked": true,
      "X": 8,
      "Y": 9,
      "BarrelId": -1,
      "KeyBinding": -1
    },
    {
      "ComponentId": 58,
      "Locked": true,
      "X": 5,
      "Y": 10,
      "BarrelId": -1,
      "KeyBinding": -1
    },
    {
      "ComponentId": 58,
      "Locked": true,
      "X": 2,
      "Y": 9,
      "BarrelId": -1,
      "KeyBinding": -1
    },
    {
      "ComponentId": 131,
      "Locked": true,
      "X": 8,
      "Y": 6,
      "BarrelId": 1
    },
    {
      "ComponentId": 131,
      "Locked": true,
      "X": 2,
      "Y": 6
    }
  ]
}