{
  "ItemType": 8,
  "Id": 78,
  "ShipId": 56,
  "BuildFaction": -1,
  "Components": [
    {
      "ComponentId": 58,
      "Locked": true,
      "X": 8,
      "Y": 9,
      "BarrelId": -1,
      "KeyBinding": -1
    },
    {
      "ComponentId": 58,
      "Locked": true,
      "X": 5,
      "Y": 10,
      "BarrelId": -1,
      "KeyBinding": -1
    },
    {
      "ComponentId": 58,
      "Locked": true,
      "X": 2,
      "Y": 9,
      "BarrelId": -1,
      "KeyBinding": -1
    },
    {
      "ComponentId": 134,
      "Locked": true,
      "X": 8,
      "Y": 6,
      "BarrelId": 1
    },
    {
      "ComponentId": 134,
      "Locked": true,
      "X": 2,
      "Y": 6
    },
    {
      "ComponentId": 67,
      "Locked": true,
      "X": 9,
      "Y": 8,
      "BarrelId": 1,
      "KeyBinding": -1
    },
    {
      "ComponentId": 67,
      "Locked": true,
      "X": 8,
      "Y": 8,
      "BarrelId": 1,
      "KeyBinding": -1
    },
    {
      "ComponentId": 67,
      "Locked": true,
      "X": 3,
      "Y": 8,
      "KeyBinding": -1
    },
    {
      "ComponentId": 67,
      "Locked": true,
      "X": 2,
      "Y": 8,
      "KeyBinding": -1
    },
    {
      "ComponentId": 77,
      "Locked": true,
      "X": 5,
      "Y": 8,
      "BarrelId": -1,
      "KeyBinding": -1
    },
    {
      "ComponentId": 77,
      "Locked": true,
      "X": 5,
      "Y": 6,
      "BarrelId": -1,
      "KeyBinding": -1
    },
    {
      "ComponentId": 11,
      "Locked": true,
      "X": 4,
      "BarrelId": -1,
      "KeyBinding": -1
    },
    {
      "ComponentId": 66,
      "Locked": true,
      "X": 6,
      "BarrelId": -1,
      "KeyBinding": -1
    }
  ]
}