{
  "ItemType": 8,
  "Id": 80,
  "ShipId": 58,
  "BuildFaction": -1,
  "Components": [
    {
      "ComponentId": 151,
      "Locked": true,
      "X": 6
    },
    {
      "ComponentId": 151,
      "Locked": true,
      "X": 7
    },
    {
      "ComponentId": 91,
      "Locked": true,
      "X": 7,
      "Y": 4,
      "KeyBinding": -1
    },
    {
      "ComponentId": 67,
      "Locked": true,
      "X": 8,
      "Y": 4,
      "KeyBinding": -1
    },
    {
      "ComponentId": 109,
      "Locked": true,
      "X": 1,
      "Y": 5,
      "BarrelId": 1,
      "KeyBinding": 1
    },
    {
      "ComponentId": 109,
      "Locked": true,
      "X": 12,
      "Y": 5,
      "BarrelId": 2,
      "KeyBinding": 1
    },
    {
      "ComponentId": 61,
      "Locked": true,
      "X": 6,
      "Y": 13,
      "BarrelId": -1,
      "KeyBinding": -1
    },
    {
      "ComponentId": 57,
      "Locked": true,
      "X": 9,
      "Y": 15,
      "BarrelId": -1,
      "KeyBinding": -1
    },
    {
      "ComponentId": 57,
      "Locked": true,
      "X": 9,
      "Y": 14,
      "BarrelId": -1,
      "KeyBinding": -1
    },
    {
      "ComponentId": 57,
      "Locked": true,
      "X": 9,
      "Y": 13,
      "BarrelId": -1,
      "KeyBinding": -1
    },
    {
      "ComponentId": 57,
      "Locked": true,
      "X": 5,
      "Y": 14,
      "BarrelId": -1,
      "KeyBinding": -1
    },
    {
      "ComponentId": 57,
      "Locked": true,
      "X": 10,
      "Y": 14,
      "BarrelId": -1,
      "KeyBinding": -1
    },
    {
      "ComponentId": 77,
      "Locked": true,
      "X": 6,
      "Y": 11,
      "BarrelId": -1,
      "KeyBinding": -1
    },
    {
      "ComponentId": 77,
      "Locked": true,
      "X": 8,
      "Y": 11,
      "BarrelId": -1,
      "KeyBinding": -1
    },
    {
      "ComponentId": 77,
      "Locked": true,
      "X": 8,
      "Y": 9,
      "BarrelId": -1,
      "KeyBinding": -1
    },
    {
      "ComponentId": 77,
      "Locked": true,
      "X": 6,
      "Y": 9,
      "BarrelId": -1,
      "KeyBinding": -1
    },
    {
      "ComponentId": 11,
      "Locked": true,
      "X": 10,
      "Y": 11,
      "BarrelId": -1,
      "KeyBinding": -1
    },
    {
      "ComponentId": 11,
      "Locked": true,
      "X": 4,
      "Y": 11,
      "BarrelId": -1,
      "KeyBinding": -1
    },
    {
      "ComponentId": 65,
      "Locked": true,
      "X": 10,
      "Y": 7,
      "BarrelId": -1,
      "KeyBinding": -1
    },
    {
      "ComponentId": 65,
      "Locked": true,
      "X": 3,
      "Y": 7,
      "BarrelId": -1,
      "KeyBinding": -1
    }
  ]
}