{
  "ItemType": 8,
  "Id": 84,
  "ShipId": 62,
  "BuildFaction": -1,
  "Components": [
    {
      "ComponentId": 55,
      "Locked": true,
      "X": 5,
      "Y": 12,
      "BarrelId": -1,
      "KeyBinding": -1
    },
    {
      "ComponentId": 55,
      "Locked": true,
      "X": 8,
      "Y": 12,
      "BarrelId": -1,
      "KeyBinding": -1
    },
    {
      "ComponentId": 57,
      "Locked": true,
      "X": 9,
      "Y": 14,
      "BarrelId": -1,
      "KeyBinding": -1
    },
    {
      "ComponentId": 57,
      "Locked": true,
      "X": 5,
      "Y": 14,
      "BarrelId": -1,
      "KeyBinding": -1
    },
    {
      "ComponentId": 56,
      "Locked": true,
      "X": 7,
      "Y": 12,
      "BarrelId": -1,
      "KeyBinding": -1
    },
    {
      "ComponentId": 57,
      "Locked": true,
      "X": 7,
      "Y": 11,
      "BarrelId": -1,
      "KeyBinding": -1
    },
    {
      "ComponentId": 57,
      "Locked": true,
      "X": 8,
      "Y": 11,
      "BarrelId": -1,
      "KeyBinding": -1
    },
    {
      "ComponentId": 57,
      "Locked": true,
      "X": 6,
      "Y": 11,
      "BarrelId": -1,
      "KeyBinding": -1
    },
    {
      "ComponentId": 152,
      "Locked": true,
      "X": 11,
      "Y": 5,
      "BarrelId": 1
    },
    {
      "ComponentId": 152,
      "Locked": true,
      "X": 10,
      "Y": 5,
      "BarrelId": 1
    },
    {
      "ComponentId": 152,
      "Locked": true,
      "X": 9,
      "Y": 5,
      "BarrelId": 1
    },
    {
      "ComponentId": 152,
      "Locked": true,
      "X": 3,
      "Y": 5
    },
    {
      "ComponentId": 152,
      "Locked": true,
      "X": 2,
      "Y": 5
    },
    {
      "ComponentId": 152,
      "Locked": true,
      "X": 1,
      "Y": 5
    },
    {
      "ComponentId": 76,
      "Locked": true,
      "X": 6,
      "Y": 8,
      "BarrelId": -1,
      "KeyBinding": -1
    },
    {
      "ComponentId": 76,
      "Locked": true,
      "X": 6,
      "Y": 5,
      "BarrelId": -1,
      "KeyBinding": -1
    },
    {
      "ComponentId": 65,
      "Locked": true,
      "X": 3,
      "Y": 9,
      "BarrelId": -1,
      "KeyBinding": -1
    },
    {
      "ComponentId": 65,
      "Locked": true,
      "X": 9,
      "Y": 9,
      "BarrelId": -1,
      "KeyBinding": -1
    },
    {
      "ComponentId": 12,
      "Locked": true,
      "X": 10,
      "Y": 3,
      "BarrelId": -1,
      "KeyBinding": -1
    },
    {
      "ComponentId": 12,
      "Locked": true,
      "X": 10,
      "Y": 2,
      "BarrelId": -1,
      "KeyBinding": -1
    },
    {
      "ComponentId": 12,
      "Locked": true,
      "X": 9,
      "Y": 1,
      "BarrelId": -1,
      "KeyBinding": -1
    },
    {
      "ComponentId": 12,
      "Locked": true,
      "X": 8,
      "BarrelId": -1,
      "KeyBinding": -1
    },
    {
      "ComponentId": 12,
      "Locked": true,
      "X": 6,
      "BarrelId": -1,
      "KeyBinding": -1
    },
    {
      "ComponentId": 12,
      "Locked": true,
      "X": 5,
      "Y": 1,
      "BarrelId": -1,
      "KeyBinding": -1
    },
    {
      "ComponentId": 12,
      "Locked": true,
      "X": 4,
      "Y": 2,
      "BarrelId": -1,
      "KeyBinding": -1
    },
    {
      "ComponentId": 12,
      "Locked": true,
      "X": 4,
      "Y": 3,
      "BarrelId": -1,
      "KeyBinding": -1
    },
    {
      "ComponentId": 12,
      "Locked": true,
      "X": 12,
      "Y": 8,
      "BarrelId": -1,
      "KeyBinding": -1
    },
    {
      "ComponentId": 12,
      "Locked": true,
      "X": 2,
      "Y": 8,
      "BarrelId": -1,
      "KeyBinding": -1
    }
  ]
}