{
  "ItemType": 8,
  "Id": 161,
  "ShipId": 74,
  "DifficultyClass": 1,
  "BuildFaction": -1,
  "Components": [
    {
      "ComponentId": 149,
      "Locked": true,
      "X": 7
    },
    {
      "ComponentId": 151,
      "Locked": true,
      "X": 8,
      "Y": 3,
      "BarrelId": 2,
      "KeyBinding": 1
    },
    {
      "ComponentId": 151,
      "Locked": true,
      "X": 5,
      "Y": 3,
      "BarrelId": 1,
      "KeyBinding": 1
    },
    {
      "ComponentId": 153,
      "Locked": true,
      "X": 10,
      "Y": 5,
      "BarrelId": 4,
      "KeyBinding": 2
    },
    {
      "ComponentId": 153,
      "Locked": true,
      "X": 3,
      "Y": 5,
      "BarrelId": 3,
      "KeyBinding": 2
    },
    {
      "ComponentId": 77,
      "Locked": true,
      "X": 7,
      "Y": 2,
      "BarrelId": -1,
      "KeyBinding": -1
    },
    {
      "ComponentId": 77,
      "Locked": true,
      "X": 7,
      "Y": 4,
      "BarrelId": -1,
      "KeyBinding": -1
    },
    {
      "ComponentId": 55,
      "Locked": true,
      "X": 8,
      "Y": 13,
      "BarrelId": -1,
      "KeyBinding": -1
    },
    {
      "ComponentId": 55,
      "Locked": true,
      "X": 6,
      "Y": 13,
      "BarrelId": -1,
      "KeyBinding": -1
    },
    {
      "ComponentId": 60,
      "Locked": true,
      "X": 10,
      "Y": 13,
      "BarrelId": -1,
      "KeyBinding": -1
    },
    {
      "ComponentId": 60,
      "Locked": true,
      "X": 8,
      "Y": 15,
      "BarrelId": -1,
      "KeyBinding": -1
    },
    {
      "ComponentId": 60,
      "Locked": true,
      "X": 7,
      "Y": 15,
      "BarrelId": -1,
      "KeyBinding": -1
    },
    {
      "ComponentId": 60,
      "Locked": true,
      "X": 5,
      "Y": 13,
      "BarrelId": -1,
      "KeyBinding": -1
    },
    {
      "ComponentId": 74,
      "Locked": true,
      "X": 6,
      "Y": 9,
      "BarrelId": -1,
      "KeyBinding": -1
    },
    {
      "ComponentId": 77,
      "Locked": true,
      "X": 8,
      "Y": 11,
      "BarrelId": -1,
      "KeyBinding": -1
    },
    {
      "ComponentId": 71,
      "Locked": true,
      "X": 7,
      "Y": 6,
      "BarrelId": -1,
      "KeyBinding": -1
    },
    {
      "ComponentId": 69,
      "Locked": true,
      "X": 10,
      "Y": 7,
      "BarrelId": -1,
      "KeyBinding": -1
    },
    {
      "ComponentId": 69,
      "Locked": true,
      "X": 9,
      "Y": 7,
      "BarrelId": -1,
      "KeyBinding": -1
    },
    {
      "ComponentId": 69,
      "Locked": true,
      "X": 6,
      "Y": 7,
      "BarrelId": -1,
      "KeyBinding": -1
    },
    {
      "ComponentId": 69,
      "Locked": true,
      "X": 5,
      "Y": 7,
      "BarrelId": -1,
      "KeyBinding": -1
    },
    {
      "ComponentId": 35,
      "Locked": true,
      "X": 10,
      "Y": 8,
      "BarrelId": -1,
      "KeyBinding": -1
    },
    {
      "ComponentId": 63,
      "Locked": true,
      "X": 5,
      "Y": 8,
      "BarrelId": -1,
      "KeyBinding": -1
    },
    {
      "ComponentId": 63,
      "Locked": true,
      "X": 3,
      "Y": 8,
      "BarrelId": -1,
      "KeyBinding": -1
    },
    {
      "ComponentId": 63,
      "Locked": true,
      "X": 3,
      "Y": 10,
      "BarrelId": -1,
      "KeyBinding": -1
    },
    {
      "ComponentId": 66,
      "Locked": true,
      "X": 8,
      "Y": 8,
      "BarrelId": -1,
      "KeyBinding": -1
    },
    {
      "ComponentId": 66,
      "Locked": true,
      "X": 5,
      "Y": 11,
      "BarrelId": -1,
      "KeyBinding": -1
    },
    {
      "ComponentId": 67,
      "Locked": true,
      "X": 5,
      "Y": 10,
      "BarrelId": -1,
      "KeyBinding": -1
    },
    {
      "ComponentId": 69,
      "Locked": true,
      "X": 10,
      "Y": 12,
      "BarrelId": -1,
      "KeyBinding": -1
    },
    {
      "ComponentId": 69,
      "Locked": true,
      "X": 9,
      "Y": 10,
      "BarrelId": -1,
      "KeyBinding": -1
    },
    {
      "ComponentId": 69,
      "Locked": true,
      "X": 7,
      "Y": 8,
      "BarrelId": -1,
      "KeyBinding": -1
    },
    {
      "ComponentId": 69,
      "Locked": true,
      "X": 7,
      "Y": 12,
      "BarrelId": -1,
      "KeyBinding": -1
    }
  ]
}