{
  "ItemType": 8,
  "Id": 162,
  "ShipId": 75,
  "DifficultyClass": 1,
  "BuildFaction": -1,
  "Components": [
    {
      "ComponentId": 59,
      "Locked": true,
      "X": 2,
      "Y": 7,
      "BarrelId": -1,
      "KeyBinding": -1
    },
    {
      "ComponentId": 59,
      "Locked": true,
      "X": 4,
      "Y": 7,
      "BarrelId": -1,
      "KeyBinding": -1
    },
    {
      "ComponentId": 56,
      "Locked": true,
      "X": 6,
      "Y": 5,
      "BarrelId": -1,
      "KeyBinding": -1
    },
    {
      "ComponentId": 56,
      "Locked": true,
      "X": 1,
      "Y": 5,
      "BarrelId": -1,
      "KeyBinding": -1
    },
    {
      "ComponentId": 144,
      "Locked": true,
      "X": 3,
      "Y": 3
    },
    {
      "ComponentId": 63,
      "Locked": true,
      "X": 6,
      "Y": 3,
      "BarrelId": -1,
      "KeyBinding": -1
    },
    {
      "ComponentId": 63,
      "Locked": true,
      "Y": 3,
      "BarrelId": -1,
      "KeyBinding": -1
    },
    {
      "ComponentId": 74,
      "Locked": true,
      "X": 1,
      "Y": 1,
      "BarrelId": -1,
      "KeyBinding": -1
    },
    {
      "ComponentId": 74,
      "Locked": true,
      "X": 4,
      "Y": 1,
      "BarrelId": -1,
      "KeyBinding": -1
    },
    {
      "ComponentId": 158,
      "Locked": true,
      "X": 2,
      "Y": 5,
      "BarrelId": -1,
      "KeyBinding": -1
    },
    {
      "ComponentId": 158,
      "Locked": true,
      "X": 4,
      "Y": 5,
      "BarrelId": -1,
      "KeyBinding": -1
    },
    {
      "ComponentId": 69,
      "Locked": true,
      "X": 5,
      "Y": 4,
      "BarrelId": -1,
      "KeyBinding": -1
    },
    {
      "ComponentId": 69,
      "Locked": true,
      "X": 2,
      "Y": 4,
      "BarrelId": -1,
      "KeyBinding": -1
    },
    {
      "ComponentId": 64,
      "Locked": true,
      "X": 6,
      "Y": 1,
      "BarrelId": -1,
      "KeyBinding": -1
    },
    {
      "ComponentId": 64,
      "Locked": true,
      "X": 1,
      "Y": 1,
      "BarrelId": -1,
      "KeyBinding": -1
    },
    {
      "ComponentId": 64,
      "Locked": true,
      "X": 5,
      "BarrelId": -1,
      "KeyBinding": -1
    },
    {
      "ComponentId": 64,
      "Locked": true,
      "X": 2,
      "BarrelId": -1,
      "KeyBinding": -1
    },
    {
      "ComponentId": 66,
      "Locked": true,
      "X": 3,
      "BarrelId": -1,
      "KeyBinding": -1
    }
  ]
}