{
  "ItemType": 8,
  "Id": 229,
  "ShipId": 77,
  "DifficultyClass": 1,
  "BuildFaction": -1,
  "Components": [
    {
      "ComponentId": 56,
      "Locked": true,
      "X": 10,
      "Y": 11,
      "BarrelId": -1,
      "KeyBinding": -1
    },
    {
      "ComponentId": 56,
      "Locked": true,
      "X": 2,
      "Y": 11,
      "BarrelId": -1,
      "KeyBinding": -1
    },
    {
      "ComponentId": 60,
      "Locked": true,
      "X": 5,
      "Y": 12,
      "BarrelId": -1,
      "KeyBinding": -1
    },
    {
      "ComponentId": 59,
      "Locked": true,
      "X": 6,
      "Y": 12,
      "BarrelId": -1,
      "KeyBinding": -1
    },
    {
      "ComponentId": 56,
      "Locked": true,
      "X": 6,
      "Y": 10,
      "BarrelId": -1,
      "KeyBinding": -1
    },
    {
      "ComponentId": 96,
      "Locked": true,
      "X": 5
    },
    {
      "ComponentId": 91,
      "Locked": true,
      "X": 6,
      "Y": 3,
      "KeyBinding": 1
    },
    {
      "ComponentId": 180,
      "Locked": true,
      "X": 8,
      "Y": 10,
      "BarrelId": -1,
      "KeyBinding": 1
    },
    {
      "ComponentId": 180,
      "Locked": true,
      "X": 3,
      "Y": 10,
      "BarrelId": -1,
      "KeyBinding": 1
    },
    {
      "ComponentId": 181,
      "Locked": true,
      "X": 5,
      "Y": 11,
      "BarrelId": -1,
      "KeyBinding": 1
    },
    {
      "ComponentId": 181,
      "Locked": true,
      "X": 7,
      "Y": 11,
      "BarrelId": -1,
      "KeyBinding": 1
    },
    {
      "ComponentId": 181,
      "Locked": true,
      "X": 7,
      "Y": 1,
      "BarrelId": -1,
      "KeyBinding": 1
    },
    {
      "ComponentId": 181,
      "Locked": true,
      "X": 7,
      "Y": 2,
      "BarrelId": -1,
      "KeyBinding": 1
    },
    {
      "ComponentId": 181,
      "Locked": true,
      "X": 5,
      "Y": 2,
      "BarrelId": -1,
      "KeyBinding": 1
    },
    {
      "ComponentId": 181,
      "Locked": true,
      "X": 5,
      "Y": 1,
      "BarrelId": -1,
      "KeyBinding": 1
    },
    {
      "ComponentId": 74,
      "Locked": true,
      "X": 5,
      "Y": 7,
      "BarrelId": -1,
      "KeyBinding": 1
    },
    {
      "ComponentId": 177,
      "Locked": true,
      "X": 5,
      "Y": 4,
      "BarrelId": -1,
      "KeyBinding": 1
    },
    {
      "ComponentId": 67,
      "Locked": true,
      "X": 7,
      "Y": 10,
      "BarrelId": -1,
      "KeyBinding": 1
    },
    {
      "ComponentId": 67,
      "Locked": true,
      "X": 7,
      "Y": 9,
      "BarrelId": -1,
      "KeyBinding": 1
    },
    {
      "ComponentId": 67,
      "Locked": true,
      "X": 5,
      "Y": 10,
      "BarrelId": -1,
      "KeyBinding": 1
    },
    {
      "ComponentId": 67,
      "Locked": true,
      "X": 5,
      "Y": 9,
      "BarrelId": -1,
      "KeyBinding": 1
    },
    {
      "ComponentId": 67,
      "Locked": true,
      "X": 7,
      "Y": 7,
      "BarrelId": -1,
      "KeyBinding": 1
    },
    {
      "ComponentId": 67,
      "Locked": true,
      "X": 5,
      "Y": 7,
      "BarrelId": -1,
      "KeyBinding": 1
    },
    {
      "ComponentId": 67,
      "Locked": true,
      "X": 7,
      "Y": 3,
      "BarrelId": -1,
      "KeyBinding": 1
    },
    {
      "ComponentId": 67,
      "Locked": true,
      "X": 5,
      "Y": 3,
      "BarrelId": -1,
      "KeyBinding": 1
    }
  ]
}