{
  "ItemType": 8,
  "Id": 215,
  "ShipId": 79,
  "BuildFaction": -1,
  "Components": [
    {
      "ComponentId": 87,
      "Locked": true,
      "X": 2,
      "Y": 1,
      "BarrelId": 1
    },
    {
      "ComponentId": 87,
      "Locked": true,
      "Y": 1
    },
    {
      "ComponentId": 12,
      "Locked": true,
      "Y": 2,
      "BarrelId": -1
    },
    {
      "ComponentId": 78,
      "Locked": true,
      "X": 1,
      "Y": 1,
      "BarrelId": -1
    },
    {
      "ComponentId": 67,
      "Locked": true,
      "X": 2,
      "BarrelId": -1
    },
    {
      "ComponentId": 67,
      "Locked": true,
      "X": 1,
      "BarrelId": -1
    },
    {
      "ComponentId": 67,
      "Locked": true,
      "BarrelId": -1
    },
    {
      "ComponentId": 67,
      "Locked": true,
      "X": 2,
      "Y": 2,
      "BarrelId": -1
    },
    {
      "ComponentId": 86,
      "Locked": true,
      "X": 1,
      "Y": 2,
      "BarrelId": -1
    }
  ]
}