{
  "ItemType": 8,
  "Id": 216,
  "ShipId": 80,
  "BuildFaction": -1,
  "Components": [
    {
      "ComponentId": 56,
      "Locked": true,
      "X": 5,
      "Y": 6,
      "BarrelId": -1
    },
    {
      "ComponentId": 57,
      "Locked": true,
      "X": 8,
      "Y": 7,
      "BarrelId": -1
    },
    {
      "ComponentId": 57,
      "Locked": true,
      "X": 2,
      "Y": 7,
      "BarrelId": -1
    },
    {
      "ComponentId": 77,
      "Locked": true,
      "X": 3,
      "Y": 6,
      "BarrelId": -1
    },
    {
      "ComponentId": 66,
      "Locked": true,
      "X": 8,
      "Y": 5,
      "BarrelId": -1
    },
    {
      "ComponentId": 66,
      "Locked": true,
      "X": 1,
      "Y": 5,
      "BarrelId": -1
    },
    {
      "ComponentId": 87,
      "Locked": true,
      "Y": 3
    },
    {
      "ComponentId": 87,
      "Locked": true,
      "X": 10,
      "Y": 3,
      "BarrelId": 1
    },
    {
      "ComponentId": 88,
      "Locked": true,
      "X": 5,
      "Y": 4,
      "BarrelId": 2
    }
  ]
}