{
  "ItemType": 8,
  "Id": 217,
  "ShipId": 81,
  "BuildFaction": -1,
  "Components": [
    {
      "ComponentId": 55,
      "Locked": true,
      "X": 13,
      "Y": 15,
      "BarrelId": -1
    },
    {
      "ComponentId": 55,
      "Locked": true,
      "X": 10,
      "Y": 16,
      "BarrelId": -1
    },
    {
      "ComponentId": 55,
      "Locked": true,
      "X": 6,
      "Y": 16,
      "BarrelId": -1
    },
    {
      "ComponentId": 55,
      "Locked": true,
      "X": 3,
      "Y": 15,
      "BarrelId": -1
    },
    {
      "ComponentId": 77,
      "Locked": true,
      "X": 8,
      "Y": 16,
      "BarrelId": -1
    },
    {
      "ComponentId": 77,
      "Modification": 1,
      "Quality": 5,
      "Locked": true,
      "X": 8,
      "Y": 14,
      "BarrelId": -1
    },
    {
      "ComponentId": 77,
      "Modification": 1,
      "Quality": 5,
      "Locked": true,
      "X": 8,
      "Y": 12,
      "BarrelId": -1
    },
    {
      "ComponentId": 77,
      "Modification": 1,
      "Quality": 5,
      "Locked": true,
      "X": 8,
      "Y": 10,
      "BarrelId": -1
    },
    {
      "ComponentId": 77,
      "Modification": 1,
      "Quality": 5,
      "Locked": true,
      "X": 8,
      "Y": 8,
      "BarrelId": -1
    },
    {
      "ComponentId": 77,
      "Modification": 1,
      "Quality": 5,
      "Locked": true,
      "X": 8,
      "Y": 6,
      "BarrelId": -1
    },
    {
      "ComponentId": 39,
      "Locked": true,
      "X": 10,
      "Y": 12,
      "BarrelId": -1
    },
    {
      "ComponentId": 40,
      "Locked": true,
      "X": 5,
      "Y": 12,
      "BarrelId": -1,
      "KeyBinding": 1
    },
    {
      "ComponentId": 62,
      "Locked": true,
      "X": 10,
      "Y": 9,
      "BarrelId": -1,
      "KeyBinding": 2
    },
    {
      "ComponentId": 62,
      "Locked": true,
      "X": 5,
      "Y": 9,
      "BarrelId": -1,
      "KeyBinding": 2
    },
    {
      "ComponentId": 52,
      "Locked": true,
      "X": 8,
      "Y": 2,
      "BarrelId": -1,
      "KeyBinding": 2
    },
    {
      "ComponentId": 77,
      "Locked": true,
      "X": 8,
      "Y": 4,
      "BarrelId": -1,
      "KeyBinding": 2
    },
    {
      "ComponentId": 134,
      "Locked": true,
      "X": 8,
      "KeyBinding": 2
    }
  ]
}