{
  "ItemType": 8,
  "Id": 268,
  "ShipId": 118,
  "BuildFaction": -1,
  "Components": [
    {
      "ComponentId": 223,
      "Locked": true,
      "X": 3,
      "BarrelId": -1,
      "KeyBinding": 1
    },
    {
      "ComponentId": 74,
      "Locked": true,
      "Y": 2,
      "BarrelId": -1,
      "KeyBinding": 1
    },
    {
      "ComponentId": 66,
      "Locked": true,
      "BarrelId": -1,
      "KeyBinding": 1
    },
    {
      "ComponentId": 60,
      "Locked": true,
      "X": 3,
      "Y": 3,
      "BarrelId": -1,
      "KeyBinding": 1
    },
    {
      "ComponentId": 60,
      "Locked": true,
      "X": 4,
      "Y": 3,
      "BarrelId": -1,
      "KeyBinding": 1
    },
    {
      "ComponentId": 57,
      "Locked": true,
      "X": 3,
      "Y": 4,
      "BarrelId": -1,
      "KeyBinding": 1
    },
    {
      "ComponentId": 57,
      "Locked": true,
      "X": 4,
      "Y": 4,
      "BarrelId": -1,
      "KeyBinding": 1
    },
    {
      "ComponentId": 67,
      "Locked": true,
      "X": 2,
      "Y": 4,
      "BarrelId": -1,
      "KeyBinding": 1
    },
    {
      "ComponentId": 67,
      "Locked": true,
      "X": 3,
      "Y": 2,
      "BarrelId": -1,
      "KeyBinding": 1
    },
    {
      "ComponentId": 67,
      "Locked": true,
      "X": 4,
      "Y": 2,
      "BarrelId": -1,
      "KeyBinding": 1
    },
    {
      "ComponentId": 67,
      "Locked": true,
      "Y": 2,
      "BarrelId": -1,
      "KeyBinding": 1
    },
    {
      "ComponentId": 67,
      "Locked": true,
      "Y": 4,
      "BarrelId": -1,
      "KeyBinding": 1
    },
    {
      "ComponentId": 113,
      "Locked": true,
      "X": 1
    }
  ]
}