{
  "ItemType": 8,
  "Id": 195,
  "ShipId": 94,
  "DifficultyClass": 1,
  "BuildFaction": 1,
  "Components": [
    {
      "ComponentId": 111,
      "Locked": true,
      "X": 6,
      "Y": 4
    },
    {
      "ComponentId": 111,
      "Locked": true,
      "X": 6,
      "Y": 23,
      "BarrelId": 2
    },
    {
      "ComponentId": 91,
      "Locked": true,
      "X": 10,
      "Y": 23,
      "BarrelId": 2,
      "KeyBinding": -1
    },
    {
      "ComponentId": 91,
      "Locked": true,
      "X": 10,
      "Y": 8,
      "KeyBinding": -1
    },
    {
      "ComponentId": 91,
      "Locked": true,
      "X": 28,
      "Y": 14,
      "BarrelId": 1,
      "KeyBinding": -1
    },
    {
      "ComponentId": 111,
      "Locked": true,
      "X": 27,
      "Y": 14,
      "BarrelId": 1
    },
    {
      "ComponentId": 32,
      "Locked": true,
      "X": 11,
      "Y": 3,
      "BarrelId": -1,
      "KeyBinding": -1
    },
    {
      "ComponentId": 32,
      "Locked": true,
      "X": 11,
      "Y": 25,
      "BarrelId": -1,
      "KeyBinding": -1
    },
    {
      "ComponentId": 10,
      "Locked": true,
      "X": 14,
      "Y": 27,
      "BarrelId": -1,
      "KeyBinding": -1
    },
    {
      "ComponentId": 10,
      "Locked": true,
      "X": 20,
      "Y": 26,
      "BarrelId": -1,
      "KeyBinding": -1
    },
    {
      "ComponentId": 10,
      "Locked": true,
      "X": 24,
      "Y": 23,
      "BarrelId": -1,
      "KeyBinding": -1
    },
    {
      "ComponentId": 10,
      "Locked": true,
      "X": 21,
      "Y": 23,
      "BarrelId": -1,
      "KeyBinding": -1
    },
    {
      "ComponentId": 10,
      "Locked": true,
      "X": 26,
      "Y": 11,
      "BarrelId": -1,
      "KeyBinding": -1
    },
    {
      "ComponentId": 10,
      "Locked": true,
      "X": 25,
      "Y": 8,
      "BarrelId": -1,
      "KeyBinding": -1
    },
    {
      "ComponentId": 10,
      "Locked": true,
      "X": 22,
      "Y": 7,
      "BarrelId": -1,
      "KeyBinding": -1
    },
    {
      "ComponentId": 10,
      "Locked": true,
      "X": 14,
      "Y": 4,
      "BarrelId": -1,
      "KeyBinding": -1
    },
    {
      "ComponentId": 10,
      "Locked": true,
      "X": 17,
      "Y": 4,
      "BarrelId": -1,
      "KeyBinding": -1
    },
    {
      "ComponentId": 10,
      "Locked": true,
      "X": 20,
      "Y": 4,
      "BarrelId": -1,
      "KeyBinding": -1
    },
    {
      "ComponentId": 10,
      "Locked": true,
      "X": 5,
      "Y": 6,
      "BarrelId": -1,
      "KeyBinding": -1
    },
    {
      "ComponentId": 10,
      "Locked": true,
      "X": 4,
      "Y": 9,
      "BarrelId": -1,
      "KeyBinding": -1
    },
    {
      "ComponentId": 10,
      "Locked": true,
      "X": 2,
      "Y": 12,
      "BarrelId": -1,
      "KeyBinding": -1
    },
    {
      "ComponentId": 10,
      "Locked": true,
      "X": 2,
      "Y": 15,
      "BarrelId": -1,
      "KeyBinding": -1
    },
    {
      "ComponentId": 10,
      "Locked": true,
      "X": 5,
      "Y": 23,
      "BarrelId": -1,
      "KeyBinding": -1
    },
    {
      "ComponentId": 10,
      "Locked": true,
      "X": 5,
      "Y": 20,
      "BarrelId": -1,
      "KeyBinding": -1
    },
    {
      "ComponentId": 11,
      "Locked": true,
      "X": 3,
      "Y": 21,
      "BarrelId": -1,
      "KeyBinding": -1
    },
    {
      "ComponentId": 11,
      "Locked": true,
      "X": 3,
      "Y": 19,
      "BarrelId": -1,
      "KeyBinding": -1
    },
    {
      "ComponentId": 11,
      "Locked": true,
      "X": 5,
      "Y": 16,
      "BarrelId": -1,
      "KeyBinding": -1
    },
    {
      "ComponentId": 11,
      "Locked": true,
      "X": 5,
      "Y": 14,
      "BarrelId": -1,
      "KeyBinding": -1
    },
    {
      "ComponentId": 11,
      "Locked": true,
      "X": 5,
      "Y": 12,
      "BarrelId": -1,
      "KeyBinding": -1
    },
    {
      "ComponentId": 11,
      "Locked": true,
      "X": 5,
      "Y": 18,
      "BarrelId": -1,
      "KeyBinding": -1
    },
    {
      "ComponentId": 66,
      "Locked": true,
      "X": 23,
      "Y": 26,
      "BarrelId": -1,
      "KeyBinding": -1
    },
    {
      "ComponentId": 66,
      "Locked": true,
      "X": 24,
      "Y": 21,
      "BarrelId": -1,
      "KeyBinding": -1
    },
    {
      "ComponentId": 66,
      "Locked": true,
      "X": 24,
      "Y": 19,
      "BarrelId": -1,
      "KeyBinding": -1
    },
    {
      "ComponentId": 66,
      "Locked": true,
      "X": 25,
      "Y": 17,
      "BarrelId": -1,
      "KeyBinding": -1
    },
    {
      "ComponentId": 66,
      "Locked": true,
      "X": 25,
      "Y": 15,
      "BarrelId": -1,
      "KeyBinding": -1
    },
    {
      "ComponentId": 66,
      "Locked": true,
      "X": 24,
      "Y": 11,
      "BarrelId": -1,
      "KeyBinding": -1
    },
    {
      "ComponentId": 66,
      "Locked": true,
      "X": 25,
      "Y": 6,
      "BarrelId": -1,
      "KeyBinding": -1
    },
    {
      "ComponentId": 66,
      "Locked": true,
      "X": 23,
      "Y": 5,
      "BarrelId": -1,
      "KeyBinding": -1
    },
    {
      "ComponentId": 66,
      "Locked": true,
      "X": 18,
      "Y": 2,
      "BarrelId": -1,
      "KeyBinding": -1
    },
    {
      "ComponentId": 66,
      "Locked": true,
      "X": 16,
      "Y": 2,
      "BarrelId": -1,
      "KeyBinding": -1
    },
    {
      "ComponentId": 66,
      "Locked": true,
      "X": 14,
      "Y": 2,
      "BarrelId": -1,
      "KeyBinding": -1
    },
    {
      "ComponentId": 75,
      "Locked": true,
      "X": 12,
      "Y": 15,
      "BarrelId": -1,
      "KeyBinding": -1
    },
    {
      "ComponentId": 11,
      "Locked": true,
      "X": 7,
      "Y": 9,
      "BarrelId": -1,
      "KeyBinding": -1
    },
    {
      "ComponentId": 12,
      "Locked": true,
      "X": 29,
      "Y": 13,
      "BarrelId": -1,
      "KeyBinding": -1
    },
    {
      "ComponentId": 12,
      "Locked": true,
      "X": 29,
      "Y": 12,
      "BarrelId": -1,
      "KeyBinding": -1
    },
    {
      "ComponentId": 12,
      "Locked": true,
      "X": 26,
      "Y": 14,
      "BarrelId": -1,
      "KeyBinding": -1
    },
    {
      "ComponentId": 12,
      "Locked": true,
      "X": 25,
      "Y": 14,
      "BarrelId": -1,
      "KeyBinding": -1
    },
    {
      "ComponentId": 12,
      "Locked": true,
      "X": 25,
      "Y": 13,
      "BarrelId": -1,
      "KeyBinding": -1
    },
    {
      "ComponentId": 12,
      "Locked": true,
      "X": 28,
      "Y": 10,
      "BarrelId": -1,
      "KeyBinding": -1
    },
    {
      "ComponentId": 12,
      "Locked": true,
      "X": 24,
      "Y": 10,
      "BarrelId": -1,
      "KeyBinding": -1
    },
    {
      "ComponentId": 12,
      "Locked": true,
      "X": 28,
      "Y": 9,
      "BarrelId": -1,
      "KeyBinding": -1
    },
    {
      "ComponentId": 12,
      "Locked": true,
      "X": 27,
      "Y": 7,
      "BarrelId": -1,
      "KeyBinding": -1
    },
    {
      "ComponentId": 12,
      "Locked": true,
      "X": 23,
      "Y": 10,
      "BarrelId": -1,
      "KeyBinding": -1
    },
    {
      "ComponentId": 12,
      "Locked": true,
      "X": 21,
      "Y": 8,
      "BarrelId": -1,
      "KeyBinding": -1
    },
    {
      "ComponentId": 12,
      "Locked": true,
      "X": 21,
      "Y": 7,
      "BarrelId": -1,
      "KeyBinding": -1
    },
    {
      "ComponentId": 12,
      "Locked": true,
      "X": 20,
      "Y": 7,
      "BarrelId": -1,
      "KeyBinding": -1
    },
    {
      "ComponentId": 12,
      "Locked": true,
      "X": 19,
      "Y": 7,
      "BarrelId": -1,
      "KeyBinding": -1
    },
    {
      "ComponentId": 12,
      "Locked": true,
      "X": 25,
      "Y": 5,
      "BarrelId": -1,
      "KeyBinding": -1
    },
    {
      "ComponentId": 12,
      "Locked": true,
      "X": 24,
      "Y": 4,
      "BarrelId": -1,
      "KeyBinding": -1
    },
    {
      "ComponentId": 12,
      "Locked": true,
      "X": 23,
      "Y": 4,
      "BarrelId": -1,
      "KeyBinding": -1
    },
    {
      "ComponentId": 12,
      "Locked": true,
      "X": 20,
      "Y": 3,
      "BarrelId": -1,
      "KeyBinding": -1
    },
    {
      "ComponentId": 12,
      "Locked": true,
      "X": 21,
      "Y": 3,
      "BarrelId": -1,
      "KeyBinding": -1
    },
    {
      "ComponentId": 12,
      "Locked": true,
      "X": 22,
      "Y": 3,
      "BarrelId": -1,
      "KeyBinding": -1
    },
    {
      "ComponentId": 12,
      "Locked": true,
      "X": 13,
      "Y": 2,
      "BarrelId": -1,
      "KeyBinding": -1
    },
    {
      "ComponentId": 12,
      "Locked": true,
      "X": 12,
      "Y": 7,
      "BarrelId": -1,
      "KeyBinding": -1
    },
    {
      "ComponentId": 12,
      "Locked": true,
      "X": 11,
      "Y": 7,
      "BarrelId": -1,
      "KeyBinding": -1
    },
    {
      "ComponentId": 12,
      "Locked": true,
      "X": 12,
      "Y": 2,
      "BarrelId": -1,
      "KeyBinding": -1
    },
    {
      "ComponentId": 12,
      "Locked": true,
      "X": 10,
      "Y": 3,
      "BarrelId": -1,
      "KeyBinding": -1
    },
    {
      "ComponentId": 12,
      "Locked": true,
      "X": 9,
      "Y": 3,
      "BarrelId": -1,
      "KeyBinding": -1
    },
    {
      "ComponentId": 12,
      "Locked": true,
      "X": 9,
      "Y": 9,
      "BarrelId": -1,
      "KeyBinding": -1
    },
    {
      "ComponentId": 12,
      "Locked": true,
      "X": 7,
      "Y": 5,
      "BarrelId": -1,
      "KeyBinding": -1
    },
    {
      "ComponentId": 12,
      "Locked": true,
      "X": 7,
      "Y": 4,
      "BarrelId": -1,
      "KeyBinding": -1
    },
    {
      "ComponentId": 12,
      "Locked": true,
      "X": 6,
      "Y": 5,
      "BarrelId": -1,
      "KeyBinding": -1
    },
    {
      "ComponentId": 12,
      "Locked": true,
      "X": 8,
      "Y": 22,
      "BarrelId": -1,
      "KeyBinding": -1
    },
    {
      "ComponentId": 12,
      "Locked": true,
      "X": 9,
      "Y": 22,
      "BarrelId": -1,
      "KeyBinding": -1
    },
    {
      "ComponentId": 11,
      "Locked": true,
      "X": 14,
      "Y": 25,
      "BarrelId": -1,
      "KeyBinding": -1
    },
    {
      "ComponentId": 11,
      "Locked": true,
      "X": 19,
      "Y": 24,
      "BarrelId": -1,
      "KeyBinding": -1
    },
    {
      "ComponentId": 12,
      "Locked": true,
      "X": 13,
      "Y": 29,
      "BarrelId": -1,
      "KeyBinding": -1
    },
    {
      "ComponentId": 12,
      "Locked": true,
      "X": 12,
      "Y": 29,
      "BarrelId": -1,
      "KeyBinding": -1
    },
    {
      "ComponentId": 12,
      "Locked": true,
      "X": 16,
      "Y": 26,
      "BarrelId": -1,
      "KeyBinding": -1
    }
  ]
}