{
  "ItemType": 8,
  "Id": 196,
  "ShipId": 94,
  "BuildFaction": 2,
  "Components": [
    {
      "ComponentId": 10,
      "Locked": true,
      "X": 25,
      "Y": 21,
      "BarrelId": -1,
      "KeyBinding": -1
    },
    {
      "ComponentId": 10,
      "Locked": true,
      "X": 17,
      "Y": 25,
      "BarrelId": -1,
      "KeyBinding": -1
    },
    {
      "ComponentId": 10,
      "Locked": true,
      "X": 5,
      "Y": 23,
      "BarrelId": -1,
      "KeyBinding": -1
    },
    {
      "ComponentId": 10,
      "Locked": true,
      "X": 2,
      "Y": 15,
      "BarrelId": -1,
      "KeyBinding": -1
    },
    {
      "ComponentId": 10,
      "Locked": true,
      "X": 4,
      "Y": 7,
      "BarrelId": -1,
      "KeyBinding": -1
    },
    {
      "ComponentId": 10,
      "Locked": true,
      "X": 14,
      "Y": 4,
      "BarrelId": -1,
      "KeyBinding": -1
    },
    {
      "ComponentId": 10,
      "Locked": true,
      "X": 20,
      "Y": 4,
      "BarrelId": -1,
      "KeyBinding": -1
    },
    {
      "ComponentId": 10,
      "Locked": true,
      "X": 24,
      "Y": 8,
      "BarrelId": -1,
      "KeyBinding": -1
    }
  ]
}