{
  "ItemType": 8,
  "Id": 198,
  "ShipId": 94,
  "BuildFaction": 3,
  "Components": [
    {
      "ComponentId": 10,
      "Locked": true,
      "X": 12,
      "Y": 26,
      "BarrelId": -1,
      "KeyBinding": -1
    },
    {
      "ComponentId": 10,
      "Locked": true,
      "X": 17,
      "Y": 25,
      "BarrelId": -1,
      "KeyBinding": -1
    },
    {
      "ComponentId": 10,
      "Locked": true,
      "X": 23,
      "Y": 23,
      "BarrelId": -1,
      "KeyBinding": -1
    },
    {
      "ComponentId": 10,
      "Locked": true,
      "X": 25,
      "Y": 20,
      "BarrelId": -1,
      "KeyBinding": -1
    },
    {
      "ComponentId": 10,
      "Locked": true,
      "X": 25,
      "Y": 10,
      "BarrelId": -1,
      "KeyBinding": -1
    },
    {
      "ComponentId": 10,
      "Locked": true,
      "X": 21,
      "Y": 5,
      "BarrelId": -1,
      "KeyBinding": -1
    },
    {
      "ComponentId": 10,
      "Locked": true,
      "X": 3,
      "Y": 19,
      "BarrelId": -1,
      "KeyBinding": -1
    },
    {
      "ComponentId": 10,
      "Locked": true,
      "X": 4,
      "Y": 10,
      "BarrelId": -1,
      "KeyBinding": -1
    }
  ]
}