{
  "ItemType": 8,
  "Id": 206,
  "ShipId": 94,
  "BuildFaction": 8,
  "Components": [
    {
      "ComponentId": 10,
      "Locked": true,
      "X": 24,
      "Y": 21,
      "BarrelId": -1,
      "KeyBinding": -1
    },
    {
      "ComponentId": 10,
      "Locked": true,
      "X": 19,
      "Y": 25,
      "BarrelId": -1,
      "KeyBinding": -1
    },
    {
      "ComponentId": 10,
      "Locked": true,
      "X": 12,
      "Y": 25,
      "BarrelId": -1,
      "KeyBinding": -1
    },
    {
      "ComponentId": 10,
      "Locked": true,
      "X": 5,
      "Y": 21,
      "BarrelId": -1,
      "KeyBinding": -1
    },
    {
      "ComponentId": 10,
      "Locked": true,
      "X": 2,
      "Y": 13,
      "BarrelId": -1,
      "KeyBinding": -1
    },
    {
      "ComponentId": 10,
      "Locked": true,
      "X": 5,
      "Y": 6,
      "BarrelId": -1,
      "KeyBinding": -1
    },
    {
      "ComponentId": 10,
      "Locked": true,
      "X": 16,
      "Y": 3,
      "BarrelId": -1,
      "KeyBinding": -1
    },
    {
      "ComponentId": 10,
      "Locked": true,
      "X": 23,
      "Y": 8,
      "BarrelId": -1,
      "KeyBinding": -1
    }
  ]
}