{
  "ItemType": 8,
  "Id": 243,
  "ShipId": 103,
  "BuildFaction": -1,
  "Components": [
    {
      "ComponentId": 61,
      "Locked": true,
      "X": 10,
      "Y": 12,
      "BarrelId": -1
    },
    {
      "ComponentId": 61,
      "Locked": true,
      "X": 3,
      "Y": 12,
      "BarrelId": -1
    },
    {
      "ComponentId": 56,
      "Locked": true,
      "X": 9,
      "Y": 13,
      "BarrelId": -1
    },
    {
      "ComponentId": 75,
      "Locked": true,
      "Y": 7,
      "BarrelId": -1,
      "KeyBinding": 1
    },
    {
      "ComponentId": 120,
      "Locked": true,
      "X": 6,
      "Y": 4
    },
    {
      "ComponentId": 91,
      "Locked": true,
      "X": 6,
      "Y": 7,
      "KeyBinding": 2
    },
    {
      "ComponentId": 62,
      "Locked": true,
      "X": 13,
      "Y": 8,
      "BarrelId": -1,
      "KeyBinding": 2
    },
    {
      "ComponentId": 71,
      "Locked": true,
      "X": 11,
      "Y": 10,
      "BarrelId": -1,
      "KeyBinding": 2
    },
    {
      "ComponentId": 71,
      "Locked": true,
      "X": 9,
      "Y": 10,
      "BarrelId": -1,
      "KeyBinding": 2
    },
    {
      "ComponentId": 71,
      "Locked": true,
      "X": 7,
      "Y": 11,
      "BarrelId": -1,
      "KeyBinding": 2
    },
    {
      "ComponentId": 71,
      "Locked": true,
      "X": 5,
      "Y": 10,
      "BarrelId": -1,
      "KeyBinding": 2
    },
    {
      "ComponentId": 56,
      "Locked": true,
      "X": 6,
      "Y": 13,
      "BarrelId": -1,
      "KeyBinding": 1
    },
    {
      "ComponentId": 60,
      "Locked": true,
      "X": 9,
      "Y": 12,
      "BarrelId": -1,
      "KeyBinding": 1
    },
    {
      "ComponentId": 60,
      "Locked": true,
      "X": 6,
      "Y": 12,
      "BarrelId": -1,
      "KeyBinding": 1
    }
  ]
}