{
  "ItemType": 8,
  "Id": 242,
  "ShipId": 102,
  "BuildFaction": -1,
  "Components": [
    {
      "ComponentId": 61,
      "Locked": true,
      "X": 21,
      "Y": 25,
      "BarrelId": -1
    },
    {
      "ComponentId": 61,
      "Locked": true,
      "X": 24,
      "Y": 25,
      "BarrelId": -1
    },
    {
      "ComponentId": 61,
      "Locked": true,
      "X": 27,
      "Y": 25,
      "BarrelId": -1
    },
    {
      "ComponentId": 61,
      "Locked": true,
      "X": 27,
      "Y": 28,
      "BarrelId": -1
    },
    {
      "ComponentId": 61,
      "Locked": true,
      "X": 24,
      "Y": 28,
      "BarrelId": -1
    },
    {
      "ComponentId": 61,
      "Locked": true,
      "X": 21,
      "Y": 28,
      "BarrelId": -1
    },
    {
      "ComponentId": 61,
      "Locked": true,
      "X": 8,
      "Y": 25,
      "BarrelId": -1
    },
    {
      "ComponentId": 61,
      "Locked": true,
      "X": 5,
      "Y": 25,
      "BarrelId": -1
    },
    {
      "ComponentId": 61,
      "Locked": true,
      "X": 8,
      "Y": 28,
      "BarrelId": -1
    },
    {
      "ComponentId": 61,
      "Locked": true,
      "X": 5,
      "Y": 28,
      "BarrelId": -1
    },
    {
      "ComponentId": 61,
      "Locked": true,
      "X": 2,
      "Y": 28,
      "BarrelId": -1
    },
    {
      "ComponentId": 61,
      "Locked": true,
      "X": 2,
      "Y": 25,
      "BarrelId": -1
    },
    {
      "ComponentId": 208,
      "Locked": true,
      "X": 22,
      "Y": 21,
      "BarrelId": -1
    },
    {
      "ComponentId": 208,
      "Locked": true,
      "X": 5,
      "Y": 21,
      "BarrelId": -1
    },
    {
      "ComponentId": 186,
      "Locked": true,
      "X": 18,
      "Y": 16,
      "BarrelId": -1,
      "KeyBinding": 1
    },
    {
      "ComponentId": 65,
      "Locked": true,
      "Y": 15,
      "BarrelId": -1,
      "KeyBinding": 1
    },
    {
      "ComponentId": 65,
      "Locked": true,
      "X": 29,
      "Y": 15,
      "BarrelId": -1,
      "KeyBinding": 1
    },
    {
      "ComponentId": 65,
      "Locked": true,
      "X": 28,
      "Y": 18,
      "BarrelId": -1,
      "KeyBinding": 1
    },
    {
      "ComponentId": 65,
      "Locked": true,
      "X": 1,
      "Y": 18,
      "BarrelId": -1,
      "KeyBinding": 1
    },
    {
      "ComponentId": 120,
      "Locked": true,
      "X": 14,
      "Y": 9,
      "KeyBinding": 1
    },
    {
      "ComponentId": 71,
      "Locked": true,
      "X": 20,
      "Y": 21,
      "BarrelId": -1,
      "KeyBinding": 3
    },
    {
      "ComponentId": 71,
      "Locked": true,
      "X": 18,
      "Y": 21,
      "BarrelId": -1,
      "KeyBinding": 3
    },
    {
      "ComponentId": 71,
      "Locked": true,
      "X": 16,
      "Y": 20,
      "BarrelId": -1,
      "KeyBinding": 3
    },
    {
      "ComponentId": 71,
      "Locked": true,
      "X": 16,
      "Y": 18,
      "BarrelId": -1,
      "KeyBinding": 3
    },
    {
      "ComponentId": 71,
      "Locked": true,
      "X": 14,
      "Y": 18,
      "BarrelId": -1,
      "KeyBinding": 3
    },
    {
      "ComponentId": 71,
      "Locked": true,
      "X": 12,
      "Y": 17,
      "BarrelId": -1,
      "KeyBinding": 3
    },
    {
      "ComponentId": 71,
      "Locked": true,
      "X": 10,
      "Y": 16,
      "BarrelId": -1,
      "KeyBinding": 3
    },
    {
      "ComponentId": 71,
      "Locked": true,
      "X": 10,
      "Y": 18,
      "BarrelId": -1,
      "KeyBinding": 3
    },
    {
      "ComponentId": 71,
      "Locked": true,
      "X": 19,
      "Y": 14,
      "BarrelId": -1,
      "KeyBinding": 3
    },
    {
      "ComponentId": 71,
      "Locked": true,
      "X": 19,
      "Y": 12,
      "BarrelId": -1,
      "KeyBinding": 3
    },
    {
      "ComponentId": 75,
      "Locked": true,
      "X": 11,
      "Y": 24,
      "BarrelId": -1,
      "KeyBinding": 2
    },
    {
      "ComponentId": 75,
      "Locked": true,
      "X": 16,
      "Y": 24,
      "BarrelId": -1,
      "KeyBinding": 2
    },
    {
      "ComponentId": 71,
      "Locked": true,
      "X": 10,
      "Y": 14,
      "BarrelId": -1,
      "KeyBinding": 3
    },
    {
      "ComponentId": 75,
      "Locked": true,
      "X": 10,
      "Y": 20,
      "BarrelId": -1,
      "KeyBinding": 2
    }
  ]
}