{
  "ItemType": 8,
  "Id": 244,
  "ShipId": 102,
  "DifficultyClass": 1,
  "BuildFaction": -1,
  "Components": [
    {
      "ComponentId": 61,
      "Locked": true,
      "X": 21,
      "Y": 28,
      "BarrelId": -1
    },
    {
      "ComponentId": 61,
      "Locked": true,
      "X": 21,
      "Y": 25,
      "BarrelId": -1
    },
    {
      "ComponentId": 61,
      "Locked": true,
      "X": 8,
      "Y": 28,
      "BarrelId": -1
    },
    {
      "ComponentId": 61,
      "Locked": true,
      "X": 8,
      "Y": 25,
      "BarrelId": -1
    },
    {
      "ComponentId": 61,
      "Locked": true,
      "X": 24,
      "Y": 25,
      "BarrelId": -1
    },
    {
      "ComponentId": 61,
      "Locked": true,
      "X": 5,
      "Y": 25,
      "BarrelId": -1
    },
    {
      "ComponentId": 75,
      "Locked": true,
      "X": 11,
      "Y": 25,
      "BarrelId": -1
    },
    {
      "ComponentId": 75,
      "Locked": true,
      "X": 16,
      "Y": 25,
      "BarrelId": -1
    },
    {
      "ComponentId": 70,
      "Locked": true,
      "X": 10,
      "Y": 10,
      "BarrelId": -1
    },
    {
      "ComponentId": 70,
      "Locked": true,
      "X": 19,
      "Y": 13,
      "BarrelId": -1
    },
    {
      "ComponentId": 70,
      "Locked": true,
      "X": 10,
      "Y": 13,
      "BarrelId": -1
    },
    {
      "ComponentId": 186,
      "Locked": true,
      "X": 15,
      "Y": 21,
      "BarrelId": -1
    },
    {
      "ComponentId": 208,
      "Locked": true,
      "X": 22,
      "Y": 21,
      "BarrelId": -1,
      "KeyBinding": 2
    },
    {
      "ComponentId": 208,
      "Locked": true,
      "X": 5,
      "Y": 21,
      "BarrelId": -1,
      "KeyBinding": 2
    },
    {
      "ComponentId": 61,
      "Locked": true,
      "X": 24,
      "Y": 28,
      "BarrelId": -1,
      "KeyBinding": 1
    },
    {
      "ComponentId": 61,
      "Locked": true,
      "X": 27,
      "Y": 28,
      "BarrelId": -1,
      "KeyBinding": 1
    },
    {
      "ComponentId": 61,
      "Locked": true,
      "X": 27,
      "Y": 25,
      "BarrelId": -1,
      "KeyBinding": 1
    },
    {
      "ComponentId": 61,
      "Locked": true,
      "X": 5,
      "Y": 28,
      "BarrelId": -1,
      "KeyBinding": 1
    },
    {
      "ComponentId": 61,
      "Locked": true,
      "X": 2,
      "Y": 28,
      "BarrelId": -1,
      "KeyBinding": 1
    },
    {
      "ComponentId": 61,
      "Locked": true,
      "X": 2,
      "Y": 25,
      "BarrelId": -1,
      "KeyBinding": 1
    },
    {
      "ComponentId": 27,
      "Locked": true,
      "X": 13,
      "Y": 9,
      "KeyBinding": 3
    },
    {
      "ComponentId": 139,
      "Locked": true,
      "X": 16,
      "Y": 10,
      "KeyBinding": 4
    },
    {
      "ComponentId": 188,
      "Locked": true,
      "X": 18,
      "Y": 16,
      "BarrelId": -1
    },
    {
      "ComponentId": 182,
      "Locked": true,
      "X": 10,
      "Y": 16,
      "BarrelId": -1
    },
    {
      "ComponentId": 70,
      "Locked": true,
      "X": 19,
      "Y": 10,
      "BarrelId": -1
    },
    {
      "ComponentId": 62,
      "Locked": true,
      "X": 7,
      "Y": 19,
      "BarrelId": -1
    },
    {
      "ComponentId": 62,
      "Locked": true,
      "X": 4,
      "Y": 19,
      "BarrelId": -1
    },
    {
      "ComponentId": 62,
      "Locked": true,
      "X": 1,
      "Y": 18,
      "BarrelId": -1
    },
    {
      "ComponentId": 62,
      "Locked": true,
      "Y": 15,
      "BarrelId": -1
    },
    {
      "ComponentId": 62,
      "Locked": true,
      "X": 7,
      "Y": 16,
      "BarrelId": -1
    },
    {
      "ComponentId": 62,
      "Locked": true,
      "X": 4,
      "Y": 16,
      "BarrelId": -1
    },
    {
      "ComponentId": 62,
      "Locked": true,
      "X": 22,
      "Y": 19,
      "BarrelId": -1
    },
    {
      "ComponentId": 62,
      "Locked": true,
      "X": 22,
      "Y": 16,
      "BarrelId": -1
    },
    {
      "ComponentId": 62,
      "Locked": true,
      "X": 25,
      "Y": 19,
      "BarrelId": -1
    },
    {
      "ComponentId": 62,
      "Locked": true,
      "X": 25,
      "Y": 16,
      "BarrelId": -1
    },
    {
      "ComponentId": 62,
      "Locked": true,
      "X": 28,
      "Y": 18,
      "BarrelId": -1
    },
    {
      "ComponentId": 62,
      "Locked": true,
      "X": 29,
      "Y": 15,
      "BarrelId": -1
    },
    {
      "ComponentId": 75,
      "Locked": true,
      "X": 10,
      "Y": 21,
      "BarrelId": -1
    },
    {
      "ComponentId": 74,
      "Locked": true,
      "X": 19,
      "Y": 23,
      "BarrelId": -1
    }
  ]
}