{
  "ItemType": 15,
  "Id": 3,
  "StartCondition": 1,
  "Weight": 1.0,
  "Nodes": [
    {
      "Id": 1,
      "Type": 10,
      "Message": "$SOS_TRAP_Message",
      "Enemy": 3,
      "Actions": [
        {
          "TargetNode": 2,
          "ButtonText": "$ACTION_Continue"
        }
      ]
    },
    {
      "Id": 2,
      "Type": 20,
      "DefaultTransition": 3,
      "FailureTransition": 4,
      "Enemy": 3,
      "Loot": 11
    },
    {
      "Id": 3,
      "Type": 40
    },
    {
      "Id": 4,
      "Type": 41
    }
  ]
}